date,first_dose,region,cumulative_sum
2020-12-28,119.0,Wallonia,119.0
2020-12-28,123.0,Flanders,242.0
2020-12-28,56.0,Brussels,298.0
2020-12-29,1.0,Flanders,299.0
2020-12-30,1.0,Wallonia,300.0
2020-12-30,472.0,Flanders,772.0
2020-12-30,5.0,Brussels,777.0
2020-12-31,9.0,Flanders,786.0
2021-01-01,6.0,Wallonia,792.0
2021-01-01,1.0,Flanders,793.0
2021-01-01,1.0,Brussels,794.0
2021-01-04,3.0,Flanders,797.0
2021-01-05,849.0,Wallonia,1646.0
2021-01-05,39.0,Flanders,1685.0
2021-01-05,685.0,Brussels,2370.0
2021-01-05,1.0,,2371.0
2021-01-05,73.0,Ostbelgien,2444.0
2021-01-06,1922.0,Wallonia,4366.0
2021-01-06,918.0,Flanders,5284.0
2021-01-06,986.0,Brussels,6270.0
2021-01-06,19.0,,6289.0
2021-01-06,34.0,Ostbelgien,6323.0
2021-01-07,4927.0,Wallonia,11250.0
2021-01-07,2146.0,Flanders,13396.0
2021-01-07,988.0,Brussels,14384.0
2021-01-07,74.0,,14458.0
2021-01-07,47.0,Ostbelgien,14505.0
2021-01-08,4938.0,Wallonia,19443.0
2021-01-08,2987.0,Flanders,22430.0
2021-01-08,1237.0,Brussels,23667.0
2021-01-08,17.0,,23684.0
2021-01-08,52.0,Ostbelgien,23736.0
2021-01-09,37.0,Wallonia,23773.0
2021-01-09,3167.0,Flanders,26940.0
2021-01-09,2.0,Brussels,26942.0
2021-01-10,350.0,Flanders,27292.0
2021-01-10,11.0,Brussels,27303.0
2021-01-10,37.0,Wallonia,27340.0
2021-01-10,1.0,Ostbelgien,27341.0
2021-01-11,3764.0,Flanders,31105.0
2021-01-11,11.0,Brussels,31116.0
2021-01-11,1602.0,Wallonia,32718.0
2021-01-11,59.0,,32777.0
2021-01-11,143.0,Ostbelgien,32920.0
2021-01-12,8006.0,Flanders,40926.0
2021-01-12,1109.0,Brussels,42035.0
2021-01-12,6338.0,Wallonia,48373.0
2021-01-12,100.0,,48473.0
2021-01-12,86.0,Ostbelgien,48559.0
2021-01-13,10170.0,Flanders,58729.0
2021-01-13,3343.0,Brussels,62072.0
2021-01-13,7672.0,Wallonia,69744.0
2021-01-13,90.0,,69834.0
2021-01-13,55.0,Ostbelgien,69889.0
2021-01-14,14434.0,Flanders,84323.0
2021-01-14,1719.0,Brussels,86042.0
2021-01-14,6892.0,Wallonia,92934.0
2021-01-14,96.0,,93030.0
2021-01-14,10.0,Ostbelgien,93040.0
2021-01-15,15923.0,Flanders,108963.0
2021-01-15,817.0,Brussels,109780.0
2021-01-15,6452.0,Wallonia,116232.0
2021-01-15,77.0,,116309.0
2021-01-15,3.0,Ostbelgien,116312.0
2021-01-16,4808.0,Flanders,121120.0
2021-01-16,18.0,Brussels,121138.0
2021-01-16,332.0,Wallonia,121470.0
2021-01-17,3283.0,Flanders,124753.0
2021-01-17,4.0,Brussels,124757.0
2021-01-17,7.0,Wallonia,124764.0
2021-01-17,4.0,,124768.0
2021-01-18,6466.0,Flanders,131234.0
2021-01-18,126.0,Brussels,131360.0
2021-01-18,4093.0,Wallonia,135453.0
2021-01-18,80.0,,135533.0
2021-01-18,135.0,Ostbelgien,135668.0
2021-01-19,11427.0,Flanders,147095.0
2021-01-19,1277.0,Brussels,148372.0
2021-01-19,6174.0,Wallonia,154546.0
2021-01-19,90.0,,154636.0
2021-01-19,80.0,Ostbelgien,154716.0
2021-01-20,14286.0,Flanders,169002.0
2021-01-20,904.0,Brussels,169906.0
2021-01-20,5396.0,Wallonia,175302.0
2021-01-20,115.0,,175417.0
2021-01-20,43.0,Ostbelgien,175460.0
2021-01-21,19874.0,Flanders,195334.0
2021-01-21,1034.0,Brussels,196368.0
2021-01-21,8739.0,Wallonia,205107.0
2021-01-21,146.0,,205253.0
2021-01-21,266.0,Ostbelgien,205519.0
2021-01-22,22260.0,Flanders,227779.0
2021-01-22,917.0,Brussels,228696.0
2021-01-22,5948.0,Wallonia,234644.0
2021-01-22,163.0,,234807.0
2021-01-22,85.0,Ostbelgien,234892.0
2021-01-23,7618.0,Flanders,242510.0
2021-01-23,151.0,Brussels,242661.0
2021-01-23,454.0,Wallonia,243115.0
2021-01-23,7.0,,243122.0
2021-01-23,10.0,Ostbelgien,243132.0
2021-01-24,1769.0,Flanders,244901.0
2021-01-24,4.0,Brussels,244905.0
2021-01-24,98.0,Wallonia,245003.0
2021-01-24,5.0,Ostbelgien,245008.0
2021-01-25,8986.0,Flanders,253994.0
2021-01-25,318.0,Brussels,254312.0
2021-01-25,1766.0,Wallonia,256078.0
2021-01-25,64.0,,256142.0
2021-01-25,121.0,Ostbelgien,256263.0
2021-01-26,6863.0,Flanders,263126.0
2021-01-26,487.0,Brussels,263613.0
2021-01-26,3381.0,Wallonia,266994.0
2021-01-26,83.0,,267077.0
2021-01-26,138.0,Ostbelgien,267215.0
2021-01-27,8725.0,Flanders,275940.0
2021-01-27,864.0,Brussels,276804.0
2021-01-27,3148.0,Wallonia,279952.0
2021-01-27,62.0,,280014.0
2021-01-27,248.0,Ostbelgien,280262.0
2021-01-28,10131.0,Flanders,290393.0
2021-01-28,751.0,Brussels,291144.0
2021-01-28,4512.0,Wallonia,295656.0
2021-01-28,122.0,,295778.0
2021-01-28,21.0,Ostbelgien,295799.0
2021-01-29,7421.0,Flanders,303220.0
2021-01-29,780.0,Brussels,304000.0
2021-01-29,3797.0,Wallonia,307797.0
2021-01-29,59.0,,307856.0
2021-01-29,14.0,Ostbelgien,307870.0
2021-01-30,1377.0,Flanders,309247.0
2021-01-30,83.0,Brussels,309330.0
2021-01-30,126.0,Wallonia,309456.0
2021-01-30,3.0,,309459.0
2021-01-30,1.0,Ostbelgien,309460.0
2021-01-31,519.0,Flanders,309979.0
2021-01-31,8.0,Brussels,309987.0
2021-01-31,46.0,Wallonia,310033.0
2021-01-31,1.0,,310034.0
2021-01-31,0.0,Ostbelgien,310034.0
2021-02-01,3148.0,Flanders,313182.0
2021-02-01,178.0,Brussels,313360.0
2021-02-01,577.0,Wallonia,313937.0
2021-02-01,15.0,,313952.0
2021-02-01,1.0,Ostbelgien,313953.0
2021-02-02,6083.0,Flanders,320036.0
2021-02-02,544.0,Brussels,320580.0
2021-02-02,3234.0,Wallonia,323814.0
2021-02-02,141.0,,323955.0
2021-02-02,139.0,Ostbelgien,324094.0
2021-02-03,4666.0,Flanders,328760.0
2021-02-03,1122.0,Brussels,329882.0
2021-02-03,4047.0,Wallonia,333929.0
2021-02-03,68.0,,333997.0
2021-02-03,197.0,Ostbelgien,334194.0
2021-02-04,4297.0,Flanders,338491.0
2021-02-04,749.0,Brussels,339240.0
2021-02-04,4429.0,Wallonia,343669.0
2021-02-04,110.0,,343779.0
2021-02-04,357.0,Ostbelgien,344136.0
2021-02-05,3259.0,Flanders,347395.0
2021-02-05,587.0,Brussels,347982.0
2021-02-05,3900.0,Wallonia,351882.0
2021-02-05,68.0,,351950.0
2021-02-05,86.0,Ostbelgien,352036.0
2021-02-06,763.0,Flanders,352799.0
2021-02-06,196.0,Brussels,352995.0
2021-02-06,275.0,Wallonia,353270.0
2021-02-06,7.0,,353277.0
2021-02-07,282.0,Flanders,353559.0
2021-02-07,23.0,Brussels,353582.0
2021-02-07,2.0,Wallonia,353584.0
2021-02-07,0.0,,353584.0
2021-02-08,1142.0,Flanders,354726.0
2021-02-08,329.0,Brussels,355055.0
2021-02-08,824.0,Wallonia,355879.0
2021-02-08,41.0,,355920.0
2021-02-08,1.0,Ostbelgien,355921.0
2021-02-09,3182.0,Flanders,359103.0
2021-02-09,577.0,Brussels,359680.0
2021-02-09,4182.0,Wallonia,363862.0
2021-02-09,99.0,,363961.0
2021-02-09,9.0,Ostbelgien,363970.0
2021-02-10,2032.0,Flanders,366002.0
2021-02-10,516.0,Brussels,366518.0
2021-02-10,3880.0,Wallonia,370398.0
2021-02-10,89.0,,370487.0
2021-02-10,106.0,Ostbelgien,370593.0
2021-02-11,1727.0,Flanders,372320.0
2021-02-11,318.0,Brussels,372638.0
2021-02-11,5808.0,Wallonia,378446.0
2021-02-11,167.0,,378613.0
2021-02-11,9.0,Ostbelgien,378622.0
2021-02-12,1490.0,Flanders,380112.0
2021-02-12,283.0,Brussels,380395.0
2021-02-12,4303.0,Wallonia,384698.0
2021-02-12,256.0,,384954.0
2021-02-12,287.0,Ostbelgien,385241.0
2021-02-13,321.0,Flanders,385562.0
2021-02-13,44.0,Brussels,385606.0
2021-02-13,209.0,Wallonia,385815.0
2021-02-13,5.0,,385820.0
2021-02-13,24.0,Ostbelgien,385844.0
2021-02-14,49.0,Flanders,385893.0
2021-02-14,0.0,Brussels,385893.0
2021-02-14,24.0,Wallonia,385917.0
2021-02-14,0.0,,385917.0
2021-02-14,0.0,Ostbelgien,385917.0
2021-02-15,765.0,Flanders,386682.0
2021-02-15,145.0,Brussels,386827.0
2021-02-15,966.0,Wallonia,387793.0
2021-02-15,10.0,,387803.0
2021-02-15,164.0,Ostbelgien,387967.0
2021-02-16,1925.0,Flanders,389892.0
2021-02-16,393.0,Brussels,390285.0
2021-02-16,1630.0,Wallonia,391915.0
2021-02-16,17.0,,391932.0
2021-02-16,44.0,Ostbelgien,391976.0
2021-02-17,4743.0,Flanders,396719.0
2021-02-17,636.0,Brussels,397355.0
2021-02-17,1677.0,Wallonia,399032.0
2021-02-17,31.0,,399063.0
2021-02-17,3.0,Ostbelgien,399066.0
2021-02-18,7279.0,Flanders,406345.0
2021-02-18,772.0,Brussels,407117.0
2021-02-18,2692.0,Wallonia,409809.0
2021-02-18,46.0,,409855.0
2021-02-18,136.0,Ostbelgien,409991.0
2021-02-19,13922.0,Flanders,423913.0
2021-02-19,878.0,Brussels,424791.0
2021-02-19,2579.0,Wallonia,427370.0
2021-02-19,109.0,,427479.0
2021-02-19,177.0,Ostbelgien,427656.0
2021-02-20,3959.0,Flanders,431615.0
2021-02-20,240.0,Brussels,431855.0
2021-02-20,15.0,Wallonia,431870.0
2021-02-20,13.0,,431883.0
2021-02-20,0.0,Ostbelgien,431883.0
2021-02-21,1861.0,Flanders,433744.0
2021-02-21,4.0,Brussels,433748.0
2021-02-21,13.0,Wallonia,433761.0
2021-02-21,7.0,,433768.0
2021-02-22,8155.0,Flanders,441923.0
2021-02-22,467.0,Brussels,442390.0
2021-02-22,1034.0,Wallonia,443424.0
2021-02-22,40.0,,443464.0
2021-02-22,4.0,Ostbelgien,443468.0
2021-02-23,9903.0,Flanders,453371.0
2021-02-23,537.0,Brussels,453908.0
2021-02-23,1639.0,Wallonia,455547.0
2021-02-23,97.0,,455644.0
2021-02-23,1.0,Ostbelgien,455645.0
2021-02-24,11295.0,Flanders,466940.0
2021-02-24,892.0,Brussels,467832.0
2021-02-24,2503.0,Wallonia,470335.0
2021-02-24,60.0,,470395.0
2021-02-24,2.0,Ostbelgien,470397.0
2021-02-25,17707.0,Flanders,488104.0
2021-02-25,990.0,Brussels,489094.0
2021-02-25,3906.0,Wallonia,493000.0
2021-02-25,60.0,,493060.0
2021-02-25,54.0,Ostbelgien,493114.0
2021-02-26,18604.0,Flanders,511718.0
2021-02-26,1424.0,Brussels,513142.0
2021-02-26,4679.0,Wallonia,517821.0
2021-02-26,87.0,,517908.0
2021-02-26,186.0,Ostbelgien,518094.0
2021-02-27,2463.0,Flanders,520557.0
2021-02-27,510.0,Brussels,521067.0
2021-02-27,694.0,Wallonia,521761.0
2021-02-27,9.0,,521770.0
2021-02-27,0.0,Ostbelgien,521770.0
2021-02-28,540.0,Flanders,522310.0
2021-02-28,14.0,Brussels,522324.0
2021-02-28,45.0,Wallonia,522369.0
2021-02-28,0.0,Ostbelgien,522369.0
2021-03-01,6487.0,Flanders,528856.0
2021-03-01,926.0,Brussels,529782.0
2021-03-01,3159.0,Wallonia,532941.0
2021-03-01,19.0,,532960.0
2021-03-01,1.0,Ostbelgien,532961.0
2021-03-02,11309.0,Flanders,544270.0
2021-03-02,1526.0,Brussels,545796.0
2021-03-02,3691.0,Wallonia,549487.0
2021-03-02,40.0,,549527.0
2021-03-02,2.0,Ostbelgien,549529.0
2021-03-03,15516.0,Flanders,565045.0
2021-03-03,2881.0,Brussels,567926.0
2021-03-03,4864.0,Wallonia,572790.0
2021-03-03,58.0,,572848.0
2021-03-03,12.0,Ostbelgien,572860.0
2021-03-04,28365.0,Flanders,601225.0
2021-03-04,2798.0,Brussels,604023.0
2021-03-04,8741.0,Wallonia,612764.0
2021-03-04,426.0,,613190.0
2021-03-04,8.0,Ostbelgien,613198.0
2021-03-05,23784.0,Flanders,636982.0
2021-03-05,1944.0,Brussels,638926.0
2021-03-05,10463.0,Wallonia,649389.0
2021-03-05,669.0,,650058.0
2021-03-05,12.0,Ostbelgien,650070.0
2021-03-06,4911.0,Flanders,654981.0
2021-03-06,1093.0,Brussels,656074.0
2021-03-06,1705.0,Wallonia,657779.0
2021-03-06,32.0,,657811.0
2021-03-06,0.0,Ostbelgien,657811.0
2021-03-07,1159.0,Flanders,658970.0
2021-03-07,7.0,Brussels,658977.0
2021-03-07,122.0,Wallonia,659099.0
2021-03-07,4.0,,659103.0
2021-03-08,7136.0,Flanders,666239.0
2021-03-08,1615.0,Brussels,667854.0
2021-03-08,6404.0,Wallonia,674258.0
2021-03-08,78.0,,674336.0
2021-03-08,8.0,Ostbelgien,674344.0
2021-03-09,12609.0,Flanders,686953.0
2021-03-09,1829.0,Brussels,688782.0
2021-03-09,6159.0,Wallonia,694941.0
2021-03-09,64.0,,695005.0
2021-03-09,21.0,Ostbelgien,695026.0
2021-03-10,16079.0,Flanders,711105.0
2021-03-10,8012.0,Wallonia,719117.0
2021-03-10,68.0,,719185.0
2021-03-10,7.0,Ostbelgien,719192.0
2021-03-10,2156.0,Brussels,721348.0
2021-03-11,28201.0,Flanders,749549.0
2021-03-11,10938.0,Wallonia,760487.0
2021-03-11,318.0,,760805.0
2021-03-11,27.0,Ostbelgien,760832.0
2021-03-11,3010.0,Brussels,763842.0
2021-03-12,14656.0,Flanders,778498.0
2021-03-12,11913.0,Wallonia,790411.0
2021-03-12,846.0,,791257.0
2021-03-12,33.0,Ostbelgien,791290.0
2021-03-12,2379.0,Brussels,793669.0
2021-03-13,4335.0,Flanders,798004.0
2021-03-13,1864.0,Wallonia,799868.0
2021-03-13,38.0,,799906.0
2021-03-13,1037.0,Brussels,800943.0
2021-03-14,13.0,Flanders,800956.0
2021-03-14,3.0,Wallonia,800959.0
2021-03-14,1.0,,800960.0
2021-03-14,1.0,Brussels,800961.0
2021-03-15,10120.0,Flanders,811081.0
2021-03-15,13928.0,Wallonia,825009.0
2021-03-15,95.0,,825104.0
2021-03-15,2.0,Ostbelgien,825106.0
2021-03-15,1431.0,Brussels,826537.0
2021-03-16,22182.0,Flanders,848719.0
2021-03-16,16846.0,Wallonia,865565.0
2021-03-16,100.0,,865665.0
2021-03-16,84.0,Ostbelgien,865749.0
2021-03-16,2507.0,Brussels,868256.0
2021-03-17,16367.0,Flanders,884623.0
2021-03-17,17557.0,Wallonia,902180.0
2021-03-17,51.0,,902231.0
2021-03-17,160.0,Ostbelgien,902391.0
2021-03-17,2857.0,Brussels,905248.0
2021-03-18,30684.0,Flanders,935932.0
2021-03-18,21054.0,Wallonia,956986.0
2021-03-18,171.0,,957157.0
2021-03-18,193.0,Ostbelgien,957350.0
2021-03-18,4427.0,Brussels,961777.0
2021-03-19,18273.0,Flanders,980050.0
2021-03-19,24253.0,Wallonia,1004303.0
2021-03-19,569.0,,1004872.0
2021-03-19,323.0,Ostbelgien,1005195.0
2021-03-19,3419.0,Brussels,1008614.0
2021-03-20,6321.0,Flanders,1014935.0
2021-03-20,12609.0,Wallonia,1027544.0
2021-03-20,90.0,,1027634.0
2021-03-20,328.0,Ostbelgien,1027962.0
2021-03-20,701.0,Brussels,1028663.0
2021-03-21,373.0,Flanders,1029036.0
2021-03-21,7.0,Wallonia,1029043.0
2021-03-21,0.0,,1029043.0
2021-03-21,2.0,Brussels,1029045.0
2021-03-22,7355.0,Flanders,1036400.0
2021-03-22,16045.0,Wallonia,1052445.0
2021-03-22,34.0,,1052479.0
2021-03-22,19.0,Ostbelgien,1052498.0
2021-03-22,3225.0,Brussels,1055723.0
2021-03-23,16296.0,Flanders,1072019.0
2021-03-23,19992.0,Wallonia,1092011.0
2021-03-23,74.0,,1092085.0
2021-03-23,483.0,Ostbelgien,1092568.0
2021-03-23,4725.0,Brussels,1097293.0
2021-03-24,25332.0,Flanders,1122625.0
2021-03-24,18033.0,Wallonia,1140658.0
2021-03-24,601.0,Ostbelgien,1141259.0
2021-03-24,5518.0,Brussels,1146777.0
2021-03-24,78.0,,1146855.0
2021-03-25,31007.0,Flanders,1177862.0
2021-03-25,17162.0,Wallonia,1195024.0
2021-03-25,518.0,Ostbelgien,1195542.0
2021-03-25,6195.0,Brussels,1201737.0
2021-03-25,116.0,,1201853.0
2021-03-26,22174.0,Flanders,1224027.0
2021-03-26,19127.0,Wallonia,1243154.0
2021-03-26,602.0,Ostbelgien,1243756.0
2021-03-26,5625.0,Brussels,1249381.0
2021-03-26,622.0,,1250003.0
2021-03-27,4040.0,Flanders,1254043.0
2021-03-27,11233.0,Wallonia,1265276.0
2021-03-27,563.0,Ostbelgien,1265839.0
2021-03-27,2145.0,Brussels,1267984.0
2021-03-27,29.0,,1268013.0
2021-03-28,1384.0,Flanders,1269397.0
2021-03-28,0.0,Wallonia,1269397.0
2021-03-28,3.0,Brussels,1269400.0
2021-03-28,0.0,,1269400.0
2021-03-29,4885.0,Flanders,1274285.0
2021-03-29,7229.0,Wallonia,1281514.0
2021-03-29,1.0,Ostbelgien,1281515.0
2021-03-29,4943.0,Brussels,1286458.0
2021-03-29,33.0,,1286491.0
2021-03-30,11988.0,Flanders,1298479.0
2021-03-30,6948.0,Wallonia,1305427.0
2021-03-30,543.0,Ostbelgien,1305970.0
2021-03-30,5215.0,Brussels,1311185.0
2021-03-30,52.0,,1311237.0
2021-03-31,48147.0,Flanders,1359384.0
2021-03-31,12198.0,Wallonia,1371582.0
2021-03-31,553.0,Ostbelgien,1372135.0
2021-03-31,3610.0,Brussels,1375745.0
2021-03-31,93.0,,1375838.0
2021-04-01,49011.0,Flanders,1424849.0
2021-04-01,10829.0,Wallonia,1435678.0
2021-04-01,473.0,Ostbelgien,1436151.0
2021-04-01,5165.0,Brussels,1441316.0
2021-04-01,85.0,,1441401.0
2021-04-02,36282.0,Flanders,1477683.0
2021-04-02,10398.0,Wallonia,1488081.0
2021-04-02,518.0,Ostbelgien,1488599.0
2021-04-02,4244.0,Brussels,1492843.0
2021-04-02,206.0,,1493049.0
2021-04-03,1721.0,Flanders,1494770.0
2021-04-03,7156.0,Wallonia,1501926.0
2021-04-03,534.0,Ostbelgien,1502460.0
2021-04-03,442.0,Brussels,1502902.0
2021-04-03,7.0,,1502909.0
2021-04-04,1.0,Flanders,1502910.0
2021-04-04,9.0,Wallonia,1502919.0
2021-04-04,1969.302600776422,Brussels,1504888.3026007763
2021-04-04,431.03050207910513,Ostbelgien,1505319.3331028554
2021-04-04,14.887311991345555,Varia,1505334.2204148467
2021-04-05,2852.980091158759,Brussels,1508187.2005060054
2021-04-05,17101.950668773392,Flanders,1525289.1511747788
2021-04-05,413.130753897012,Ostbelgien,1525702.2819286757
2021-04-05,22.895393043572927,Varia,1525725.1773217192
2021-04-05,6491.97547371719,Wallonia,1532217.1527954363
2021-04-06,3012.87946900177,Brussels,1535230.032264438
2021-04-06,19676.117142759867,Flanders,1554906.149407198
2021-04-06,470.6130407268419,Ostbelgien,1555376.7624479248
2021-04-06,26.121783741091154,Varia,1555402.8842316659
2021-04-06,7266.994320902289,Wallonia,1562669.8785525681
2021-04-07,3184.4256413182493,Brussels,1565854.3041938865
2021-04-07,20677.85516539047,Flanders,1586532.159359277
2021-04-07,480.63286505854717,Ostbelgien,1587012.7922243355
2021-04-07,24.596518027759494,Varia,1587037.3887423633
2021-04-07,7110.533022940039,Wallonia,1594147.9217653032
2021-04-08,3315.307688324885,Brussels,1597463.2294536282
2021-04-08,24041.116830921623,Flanders,1621504.34628455
2021-04-08,480.354675534405,Ostbelgien,1621984.7009600843
2021-04-08,78.20585843897673,Varia,1622062.9068185233
2021-04-08,7884.236844067049,Wallonia,1629947.1436625903
2021-04-09,3137.804462756885,Brussels,1633084.9481253473
2021-04-09,21301.304917949354,Flanders,1654386.2530432965
2021-04-09,506.50831221044336,Ostbelgien,1654892.761355507
2021-04-09,196.66952655334882,Varia,1655089.4308820602
2021-04-09,8497.521484405937,Wallonia,1663586.9523664662
2021-04-10,2458.055961207289,Brussels,1666045.0083276734
2021-04-10,15828.041610849566,Flanders,1681873.049938523
2021-04-10,500.05787580496303,Ostbelgien,1682373.107814328
2021-04-10,22.71057077869218,Varia,1682395.8183851067
2021-04-10,5595.7239892709795,Wallonia,1687991.5423743778
2021-04-11,2155.8896806012117,Brussels,1690147.432054979
2021-04-11,14523.734788342541,Flanders,1704671.1668433216
2021-04-11,469.030772156274,Ostbelgien,1705140.197615478
2021-04-11,14.289954476394925,Varia,1705154.4875699542
2021-04-11,3612.275208714961,Wallonia,1708766.7627786691
2021-04-12,3039.567170983474,Brussels,1711806.3299496525
2021-04-12,17261.5634266537,Flanders,1729067.8933763062
2021-04-12,451.1310239742322,Ostbelgien,1729519.0244002803
2021-04-12,22.298035528335788,Varia,1729541.3224358086
2021-04-12,7127.065326738193,Wallonia,1736668.3877625468
2021-04-13,3199.4665488257397,Brussels,1739867.8543113726
2021-04-13,19835.72990063161,Flanders,1759703.5842120042
2021-04-13,508.613310803927,Ostbelgien,1760212.197522808
2021-04-13,25.524426226111416,Varia,1760237.7219490341
2021-04-13,7902.084173922029,Wallonia,1768139.806122956
2021-04-14,3371.0127211430445,Brussels,1771510.818844099
2021-04-14,20837.46792327127,Flanders,1792348.2867673703
2021-04-14,518.6331351357468,Ostbelgien,1792866.919902506
2021-04-14,23.999160512727283,Varia,1792890.9190630189
2021-04-14,7745.622875960437,Wallonia,1800636.5419389794
2021-04-15,3501.8947681495874,Brussels,1804138.436707129
2021-04-15,24200.72958879906,Flanders,1828339.166295928
2021-04-15,518.3549456116027,Ostbelgien,1828857.5212415396
2021-04-15,77.60850092393957,Varia,1828935.1297424636
2021-04-15,8519.326697088462,Wallonia,1837454.4564395521
2021-04-16,3324.3915425810173,Brussels,1840778.847982133
2021-04-16,21460.91767582985,Flanders,1862239.765657963
2021-04-16,544.5085822876954,Ostbelgien,1862784.2742402507
2021-04-16,196.0721690382371,Varia,1862980.346409289
2021-04-16,9132.61133742462,Wallonia,1872112.9577467137
2021-04-17,2644.643041031367,Brussels,1874757.600787745
2021-04-17,15987.654368727937,Flanders,1890745.255156473
2021-04-17,538.0581458821541,Ostbelgien,1891283.3133023551
2021-04-17,22.113213263424687,Varia,1891305.4265156186
2021-04-17,6230.813842288186,Wallonia,1897536.2403579068
2021-04-18,2342.4767604253225,Brussels,1899878.7171183322
2021-04-18,14683.347546222501,Flanders,1914562.0646645545
2021-04-18,507.0310422336102,Ostbelgien,1915069.0957067881
2021-04-18,13.692596961007794,Varia,1915082.7883037492
2021-04-18,4247.365061733779,Wallonia,1919330.153365483
2021-04-19,3226.15425080819,Brussels,1922556.3076162913
2021-04-19,17421.176184534015,Flanders,1939977.4838008254
2021-04-19,489.13129405145224,Ostbelgien,1940466.6150948768
2021-04-19,21.70067801309863,Varia,1940488.3157728899
2021-04-19,7762.1551797591965,Wallonia,1948250.4709526491
2021-04-20,3386.0536286504384,Brussels,1951636.5245812996
2021-04-20,19995.342658510453,Flanders,1971631.86723981
2021-04-20,546.6135808811492,Ostbelgien,1972178.4808206912
2021-04-20,24.927068710917986,Varia,1972203.4078894022
2021-04-20,8537.174026942073,Wallonia,1980740.5819163444
2021-04-21,3557.5998009678397,Brussels,1984298.1817173122
2021-04-21,20997.080681152074,Flanders,2005295.2623984644
2021-04-21,556.6334052129465,Ostbelgien,2005851.8958036774
2021-04-21,23.40180299769509,Varia,2005875.2976066752
2021-04-21,8380.712728980834,Wallonia,2014256.010335656
2021-04-22,3688.48184797429,Brussels,2017944.4921836304
2021-04-22,24360.342346676494,Flanders,2042304.8345303067
2021-04-22,556.3552156888004,Ostbelgien,2042861.1897459954
2021-04-22,77.0111434089024,Varia,2042938.2008894044
2021-04-22,9154.416550109874,Wallonia,2052092.6174395143
2021-04-23,3510.978622405354,Brussels,2055603.5960619196
2021-04-23,21620.530433700304,Flanders,2077224.1264956198
2021-04-23,582.5088523648865,Ostbelgien,2077806.6353479847
2021-04-23,195.47481152308967,Varia,2078002.1101595077
2021-04-23,9767.701190444357,Wallonia,2087769.8113499521
2021-04-24,2831.2301208577805,Brussels,2090601.0414708098
2021-04-24,16147.26712661804,Flanders,2106748.308597428
2021-04-24,576.0584159594746,Ostbelgien,2107324.3670133874
2021-04-24,21.515855748791104,Varia,2107345.882869136
2021-04-24,6865.903695318896,Wallonia,2114211.786564455
2021-04-25,2529.063840250112,Brussels,2116740.850404705
2021-04-25,14842.960304097858,Flanders,2131583.8107088027
2021-04-25,545.0313123107791,Ostbelgien,2132128.8420211133
2021-04-25,13.095239446057192,Varia,2132141.9372605593
2021-04-25,4882.454914754613,Wallonia,2137024.392175314
2021-04-26,3412.74133063307,Brussels,2140437.133505947
2021-04-26,17580.7889424126,Flanders,2158017.9224483594
2021-04-26,527.1315641286802,Ostbelgien,2158545.054012488
2021-04-26,21.103320498088518,Varia,2158566.157332986
2021-04-26,8397.245032780986,Wallonia,2166963.402365767
2021-04-27,3572.640708475138,Brussels,2170536.043074242
2021-04-27,20154.955416389304,Flanders,2190690.998490631
2021-04-27,584.6138509583715,Ostbelgien,2191275.6123415893
2021-04-27,24.32971119572457,Varia,2191299.942052785
2021-04-27,9172.263879962116,Wallonia,2200472.205932747
2021-04-28,3744.1868807925853,Brussels,2204216.3928135396
2021-04-28,21156.693439030238,Flanders,2225373.0862525697
2021-04-28,594.6336752901157,Ostbelgien,2225967.71992786
2021-04-28,22.80444548246651,Varia,2225990.5243733423
2021-04-28,9015.802582001026,Wallonia,2235006.326955343
2021-04-29,3875.068927798432,Brussels,2238881.3958831416
2021-04-29,24519.955104549892,Flanders,2263401.3509876914
2021-04-29,594.3554857659802,Ostbelgien,2263995.7064734576
2021-04-29,76.41378589336391,Varia,2264072.120259351
2021-04-29,9789.50640312436,Wallonia,2273861.6266624755
2021-04-30,3697.565702229692,Brussels,2277559.1923647053
2021-04-30,21780.143191570765,Flanders,2299339.335556276
2021-04-30,620.5091224420776,Ostbelgien,2299959.844678718
2021-04-30,194.87745400794233,Varia,2300154.722132726
2021-04-30,10402.79104346409,Wallonia,2310557.51317619
2021-05-01,2410.8111893039177,Brussels,2312968.3243654943
2021-05-01,16153.87993359565,Flanders,2329122.20429909
2021-05-01,532.2279253402954,Ostbelgien,2329654.43222443
2021-05-01,67.47845118846874,Varia,2329721.910675619
2021-05-01,6089.588075298622,Wallonia,2335811.4987509176
2021-05-02,2108.644908696628,Brussels,2337920.143659614
2021-05-02,14849.573111080854,Flanders,2352769.716770695
2021-05-02,501.20082169160605,Ostbelgien,2353270.9175923867
2021-05-02,59.05783488579081,Varia,2353329.9754272727
2021-05-02,4106.139294736332,Wallonia,2357436.1147220093
2021-05-03,2992.3223990798533,Brussels,2360428.437121089
2021-05-03,17587.401749395212,Flanders,2378015.8388704844
2021-05-03,483.3010735095588,Ostbelgien,2378499.139943994
2021-05-03,67.06591593793678,Varia,2378566.205859932
2021-05-03,7620.929412764523,Wallonia,2386187.1352726966
2021-05-04,3152.22177692186,Brussels,2389339.3570496184
2021-05-04,20161.568223372684,Flanders,2409500.925272991
2021-05-04,540.7833603392659,Ostbelgien,2410041.70863333
2021-05-04,70.2923066356245,Varia,2410112.0009399657
2021-05-04,8395.94825994446,Wallonia,2418507.9491999103
2021-05-05,3323.7679492382867,Brussels,2421831.7171491487
2021-05-05,21163.306246003776,Flanders,2442995.0233951523
2021-05-05,550.8031846710488,Ostbelgien,2443545.826579823
2021-05-05,68.7670409223556,Varia,2443614.5936207455
2021-05-05,8239.486961982078,Wallonia,2451854.0805827277
2021-05-06,3454.649996245009,Brussels,2455308.7305789725
2021-05-06,24526.567911535603,Flanders,2479835.298490508
2021-05-06,550.5249951468628,Ostbelgien,2480385.823485655
2021-05-06,122.37638133330398,Varia,2480508.199866988
2021-05-06,9013.190783107344,Wallonia,2489521.3906500954
2021-05-07,3277.1467706757285,Brussels,2492798.537420771
2021-05-07,21786.755998555283,Flanders,2514585.293419326
2021-05-07,576.6786318229802,Ostbelgien,2515161.9720511492
2021-05-07,240.84004944768895,Varia,2515402.8121005967
2021-05-07,9626.475423444524,Wallonia,2525029.2875240413
2021-05-08,2597.398269128151,Brussels,2527626.6857931693
2021-05-08,16313.49269146923,Flanders,2543940.1784846387
2021-05-08,570.2281954174655,Ostbelgien,2544510.4066800564
2021-05-08,66.88109367328802,Varia,2544577.28777373
2021-05-08,6724.6779283166,Wallonia,2551301.965702046
2021-05-09,2295.2319885212405,Brussels,2553597.1976905675
2021-05-09,15009.185868959827,Flanders,2568606.3835595273
2021-05-09,539.201091768782,Ostbelgien,2569145.584651296
2021-05-09,58.46047737066604,Varia,2569204.045128667
2021-05-09,4741.2291477563,Wallonia,2573945.2742764233
2021-05-10,3178.9094789033643,Brussels,2577124.1837553266
2021-05-10,17747.0145072666,Flanders,2594871.1982625932
2021-05-10,521.3013435866551,Ostbelgien,2595392.49960618
2021-05-10,66.46855842271002,Varia,2595458.9681646028
2021-05-10,8256.019265778075,Wallonia,2603714.9874303807
2021-05-11,3338.808856746678,Brussels,2607053.7962871273
2021-05-11,20321.180981252037,Flanders,2627374.977268379
2021-05-11,578.7836304165094,Ostbelgien,2627953.760898796
2021-05-11,69.69494912066607,Varia,2628023.4558479167
2021-05-11,9031.038112965056,Wallonia,2637054.4939608816
2021-05-12,3510.3550290630324,Brussels,2640564.8489899444
2021-05-12,21322.919003881936,Flanders,2661887.7679938264
2021-05-12,588.803454748218,Ostbelgien,2662476.571448575
2021-05-12,68.16968340712704,Varia,2662544.741131982
2021-05-12,8874.576815002267,Wallonia,2671419.317946984
2021-05-13,3641.237076069711,Brussels,2675060.5550230537
2021-05-13,24686.180669413046,Flanders,2699746.7356924666
2021-05-13,588.5252652240604,Ostbelgien,2700335.260957691
2021-05-13,121.77902381826682,Varia,2700457.039981509
2021-05-13,9648.280636128755,Wallonia,2710105.320617638
2021-05-14,3463.7338505000657,Brussels,2713569.054468138
2021-05-14,21946.36875642574,Flanders,2735515.4232245637
2021-05-14,614.6789019001715,Ostbelgien,2736130.102126464
2021-05-14,240.24269193254162,Varia,2736370.3448183965
2021-05-14,10261.565276464262,Wallonia,2746631.910094861
2021-05-15,2783.985348952229,Brussels,2749415.895443813
2021-05-15,16473.105449347604,Flanders,2765889.0008931607
2021-05-15,608.2284654946566,Ostbelgien,2766497.2293586554
2021-05-15,66.28373615802053,Varia,2766563.5130948136
2021-05-15,7359.767781333807,Wallonia,2773923.2808761476
2021-05-16,2481.819068345853,Brussels,2776405.0999444933
2021-05-16,15168.7986268388,Flanders,2791573.898571332
2021-05-16,577.2013618459582,Ostbelgien,2792151.099933178
2021-05-16,57.8631198555413,Varia,2792208.9630530337
2021-05-16,5376.3190007762705,Wallonia,2797585.28205381
2021-05-17,3365.49655872808,Brussels,2800950.7786125382
2021-05-17,17906.627265146915,Flanders,2818857.405877685
2021-05-17,559.3016136638751,Ostbelgien,2819416.707491349
2021-05-17,65.87120090747287,Varia,2819482.5786922565
2021-05-17,8891.109118799077,Wallonia,2828373.6878110557
2021-05-18,3525.395936571258,Brussels,2831899.0837476267
2021-05-18,20480.79373913038,Flanders,2852379.877486757
2021-05-18,616.7839004937103,Ostbelgien,2852996.6613872508
2021-05-18,69.09759160523765,Varia,2853065.758978856
2021-05-18,9666.127965984548,Wallonia,2862731.88694484
2021-05-19,3696.9421088878275,Brussels,2866428.829053728
2021-05-19,21482.53176176274,Flanders,2887911.3608154906
2021-05-19,626.8037248254177,Ostbelgien,2888538.164540316
2021-05-19,67.57232589209484,Varia,2888605.7368662083
2021-05-19,9509.666668022666,Wallonia,2898115.403534231
2021-05-20,3827.824155894413,Brussels,2901943.2276901253
2021-05-20,24845.793427290482,Flanders,2926789.0211174157
2021-05-20,626.5255353012581,Ostbelgien,2927415.546652717
2021-05-20,121.18166630322966,Varia,2927536.7283190205
2021-05-20,10283.37048915017,Wallonia,2937820.0988081708
2021-05-21,3650.320930326149,Brussels,2941470.419738497
2021-05-21,22105.981514319603,Flanders,2963576.401252817
2021-05-21,652.6791719773246,Ostbelgien,2964229.080424794
2021-05-21,239.6453344175909,Varia,2964468.7257592115
2021-05-21,10896.655129487794,Wallonia,2975365.380888699
2021-05-22,2970.5724287787984,Brussels,2978335.953317478
2021-05-22,16632.718207232912,Flanders,2994968.671524711
2021-05-22,646.2287355719561,Ostbelgien,2995614.9002602827
2021-05-22,65.68637864347369,Varia,2995680.586638926
2021-05-22,7994.857634365288,Wallonia,3003675.444273291
2021-05-23,2668.4061481706426,Brussels,3006343.8504214617
2021-05-23,15328.411384714158,Flanders,3021672.261806176
2021-05-23,615.201631923127,Ostbelgien,3022287.4634380993
2021-05-23,57.26576234059069,Varia,3022344.72920044
2021-05-23,6011.408853797105,Wallonia,3028356.1380542372
2021-05-24,3552.083638553124,Brussels,3031908.2216927903
2021-05-24,18066.240023023773,Flanders,3049974.461715814
2021-05-24,597.3018837411107,Ostbelgien,3050571.7635995555
2021-05-24,65.27384339268981,Varia,3050637.037442948
2021-05-24,9526.19897182165,Wallonia,3060163.2364147697
2021-05-25,3711.9830163960764,Brussels,3063875.2194311656
2021-05-25,20640.40649700973,Flanders,3084515.625928175
2021-05-25,654.784170570954,Ostbelgien,3085170.410098746
2021-05-25,68.50023409027922,Varia,3085238.910332836
2021-05-25,10301.217819005142,Wallonia,3095540.1281518415
2021-05-26,3883.529188711575,Brussels,3099423.657340553
2021-05-26,21642.14451962961,Flanders,3121065.8018601825
2021-05-26,664.8039949026695,Ostbelgien,3121730.6058550854
2021-05-26,66.9749683769292,Varia,3121797.5808234625
2021-05-26,10144.756521041762,Wallonia,3131942.3373445044
2021-05-27,4014.411235719115,Brussels,3135956.7485802234
2021-05-27,25005.40618516792,Flanders,3160962.1547653913
2021-05-27,664.525805378456,Ostbelgien,3161626.6805707696
2021-05-27,120.58430878819249,Varia,3161747.264879558
2021-05-27,10918.46034217158,Wallonia,3172665.7252217294
2021-05-28,3836.908010150486,Brussels,3176502.6332318797
2021-05-28,22265.594272190065,Flanders,3198768.22750407
2021-05-28,690.6794420545158,Ostbelgien,3199458.9069461245
2021-05-28,239.0479769024435,Varia,3199697.9549230267
2021-05-28,11531.744982507527,Wallonia,3211229.6999055343
2021-05-29,3157.159508602876,Brussels,3214386.859414137
2021-05-29,16792.330965111287,Flanders,3231179.1903792485
2021-05-29,684.2290056491472,Ostbelgien,3231863.4193848977
2021-05-29,65.08902112820621,Varia,3231928.508406026
2021-05-29,8629.947487382495,Wallonia,3240558.4558934085
2021-05-30,2854.993227995255,Brussels,3243413.449121404
2021-05-30,15488.024142593129,Flanders,3258901.473263997
2021-05-30,653.2019020003031,Ostbelgien,3259554.6751659974
2021-05-30,56.66840482546594,Varia,3259611.343570823
2021-05-30,6646.498706817074,Wallonia,3266257.84227764
2021-05-31,3738.6707183778394,Brussels,3269996.512996018
2021-05-31,18225.852780904086,Flanders,3288222.365776922
2021-05-31,635.3021538183307,Ostbelgien,3288857.6679307404
2021-05-31,64.67648587745266,Varia,3288922.344416618
2021-05-31,10161.288824842653,Wallonia,3299083.6332414607
2021-06-01,3265.7734523031863,Brussels,3302349.406693764
2021-06-01,20598.164410008772,Flanders,3322947.5711037726
2021-06-01,607.5228560814647,Ostbelgien,3323555.093959854
2021-06-01,115.91923463153543,Varia,3323671.0131944856
2021-06-01,9467.552048848827,Wallonia,3333138.5652433345
2021-06-02,3437.319624619511,Brussels,3336575.884867954
2021-06-02,21599.90243263772,Flanders,3358175.787300592
2021-06-02,617.5426804132949,Ostbelgien,3358793.3299810053
2021-06-02,114.39396891813294,Varia,3358907.7239499236
2021-06-02,9311.090750886106,Wallonia,3368218.81470081
2021-06-03,3568.201671626929,Brussels,3371787.0163724367
2021-06-03,24963.164098176916,Flanders,3396750.1804706138
2021-06-03,617.2644908891133,Ostbelgien,3397367.4449615027
2021-06-03,168.00330932951013,Varia,3397535.448270832
2021-06-03,10084.79457201676,Wallonia,3407620.242842849
2021-06-04,3390.698446057759,Brussels,3411010.9412889066
2021-06-04,22223.35218519786,Flanders,3433234.2934741043
2021-06-04,643.4181275651936,Ostbelgien,3433877.7116016694
2021-06-04,286.4669774435677,Varia,3434164.178579113
2021-06-04,10698.079212350158,Wallonia,3444862.2577914633
2021-06-05,2710.9499445100946,Brussels,3447573.2077359734
2021-06-05,16750.08887811696,Flanders,3464323.2966140904
2021-06-05,636.9676911597641,Ostbelgien,3464960.2643052503
2021-06-05,112.5080216691747,Varia,3465072.7723269193
2021-06-05,7796.281717223645,Wallonia,3472869.054044143
2021-06-06,2408.783663902683,Brussels,3475277.8377080457
2021-06-06,15445.782055596776,Flanders,3490723.6197636425
2021-06-06,605.9405875110579,Ostbelgien,3491329.560351154
2021-06-06,104.0874053664889,Varia,3491433.64775652
2021-06-06,5812.832936660701,Wallonia,3497246.480693181
2021-06-07,3292.4611542858597,Brussels,3500538.941847467
2021-06-07,18183.610693909977,Flanders,3518722.552541377
2021-06-07,588.0408393289845,Ostbelgien,3519310.593380706
2021-06-07,112.09548641867852,Varia,3519422.6888671247
2021-06-07,9327.623054688387,Wallonia,3528750.311921813
2021-06-08,3452.3605321278856,Brussels,3532202.672453941
2021-06-08,20757.77716788762,Flanders,3552960.4496218283
2021-06-08,645.523126158687,Ostbelgien,3553605.972747987
2021-06-08,115.32187711634202,Varia,3553721.2946251035
2021-06-08,10102.641901868872,Wallonia,3563823.9365269723
2021-06-09,3623.9067044442563,Brussels,3567447.843231417
2021-06-09,21759.515190515882,Flanders,3589207.3584219324
2021-06-09,655.5429504904641,Ostbelgien,3589862.901372423
2021-06-09,113.79661140290438,Varia,3589976.697983826
2021-06-09,9946.180603906294,Wallonia,3599922.8785877326
2021-06-10,3754.78875145166,Brussels,3603677.6673391843
2021-06-10,25122.776856050106,Flanders,3628800.444195234
2021-06-10,655.2647609662772,Ostbelgien,3629455.7089562006
2021-06-10,167.40595181435413,Varia,3629623.114908015
2021-06-10,10719.884425038348,Wallonia,3640342.9993330534
2021-06-11,3577.2855258820964,Brussels,3643920.2848589355
2021-06-11,22382.964943068317,Flanders,3666303.2498020036
2021-06-11,681.4183976423847,Ostbelgien,3666984.668199646
2021-06-11,285.8696199284203,Varia,3667270.537819574
2021-06-11,11333.169065369893,Wallonia,3678603.706884944
2021-06-12,2897.5370243344832,Brussels,3681501.2439092784
2021-06-12,16909.70163598575,Flanders,3698410.945545264
2021-06-12,674.9679612369134,Ostbelgien,3699085.913506501
2021-06-12,111.9106641540807,Varia,3699197.824170655
2021-06-12,8431.371570242394,Wallonia,3707629.1957408977
2021-06-13,2595.3707437272956,Brussels,3710224.566484625
2021-06-13,15605.39481347575,Flanders,3725829.9612981007
2021-06-13,643.9408575882339,Ostbelgien,3726473.902155689
2021-06-13,103.49004785136415,Varia,3726577.3922035405
2021-06-13,6447.92278968067,Wallonia,3733025.3149932213
2021-06-14,3479.048234110739,Brussels,3736504.363227332
2021-06-14,18343.22345178856,Flanders,3754847.5866791205
2021-06-14,626.0411094062124,Ostbelgien,3755473.627788527
2021-06-14,111.4981289036684,Varia,3755585.1259174305
2021-06-14,9962.712907710176,Wallonia,3765547.8388251406
2021-06-15,3638.947611952585,Brussels,3769186.7864370933
2021-06-15,20917.389925766467,Flanders,3790104.1763628596
2021-06-15,683.5233962359093,Ostbelgien,3790787.6997590954
2021-06-15,114.72451960114859,Varia,3790902.4242786965
2021-06-15,10737.731754888915,Wallonia,3801640.1560335853
2021-06-16,3810.4937842690024,Brussels,3805450.649817854
2021-06-16,21919.12794839405,Flanders,3827369.777766248
2021-06-16,693.5432205676333,Ostbelgien,3828063.3209868157
2021-06-16,113.19925388767581,Varia,3828176.5202407036
2021-06-16,10581.270456926484,Wallonia,3838757.79069763
2021-06-17,3941.3758312757727,Brussels,3842699.1665289057
2021-06-17,25282.38961392775,Flanders,3867981.5561428335
2021-06-17,693.2650310434909,Ostbelgien,3868674.821173877
2021-06-17,166.8085942989345,Varia,3868841.629768176
2021-06-17,11354.974278052658,Wallonia,3880196.604046229
2021-06-18,3763.8726057081803,Brussels,3883960.476651937
2021-06-18,22542.577700962178,Flanders,3906503.054352899
2021-06-18,719.4186677195377,Ostbelgien,3907222.473020619
2021-06-18,285.27226241346966,Varia,3907507.7452830323
2021-06-18,11968.258918393425,Wallonia,3919476.0042014257
2021-06-19,3084.124104158561,Brussels,3922560.128305584
2021-06-19,17069.314393864126,Flanders,3939629.442699448
2021-06-19,712.9682313141043,Ostbelgien,3940342.4109307625
2021-06-19,111.31330663881323,Varia,3940453.7242374015
2021-06-19,9066.461423259601,Wallonia,3949520.185660661
2021-06-20,2781.9578235520858,Brussels,3952302.1434842134
2021-06-20,15765.007571351103,Flanders,3968067.1510555646
2021-06-20,681.9411276654029,Ostbelgien,3968749.09218323
2021-06-20,102.89269033641354,Varia,3968851.9848735663
2021-06-20,7083.012642701503,Wallonia,3975934.997516268
2021-06-21,3665.6353139356197,Brussels,3979600.6328302035
2021-06-21,18502.836209667144,Flanders,3998103.4690398704
2021-06-21,664.0413794834401,Ostbelgien,3998767.510419354
2021-06-21,110.90077138865828,Varia,3998878.4111907426
2021-06-21,10597.802760731964,Wallonia,4009476.2139514745
2021-06-22,3825.5346917766738,Brussels,4013301.748643251
2021-06-22,21077.00268363872,Flanders,4034378.7513268897
2021-06-22,721.5236663130156,Ostbelgien,4035100.2749932026
2021-06-22,114.12716208640381,Varia,4035214.402155289
2021-06-22,11372.821607909209,Wallonia,4046587.223763198
2021-06-23,3997.0808640938476,Brussels,4050584.304627292
2021-06-23,22078.740706277484,Flanders,4072663.0453335694
2021-06-23,731.5434906448634,Ostbelgien,4073394.5888242144
2021-06-23,112.60189637283997,Varia,4073507.190720587
2021-06-23,11216.360309947091,Wallonia,4084723.5510305343
2021-06-24,4127.962911100475,Brussels,4088851.513941635
2021-06-24,25442.002371805185,Flanders,4114293.51631344
2021-06-24,731.2653011206887,Ostbelgien,4115024.7816145606
2021-06-24,166.21123678389733,Varia,4115190.9928513444
2021-06-24,11990.06413107407,Wallonia,4127181.0569824185
2021-06-25,3950.459685532415,Brussels,4131131.516667951
2021-06-25,22702.190458837653,Flanders,4153833.7071267883
2021-06-25,757.4189377967593,Ostbelgien,4154591.126064585
2021-06-25,284.6749048983402,Varia,4154875.8009694833
2021-06-25,12603.348771412635,Wallonia,4167479.149740896
2021-06-26,3270.7111839827944,Brussels,4170749.860924879
2021-06-26,17228.927151737706,Flanders,4187978.788076617
2021-06-26,750.9685013912745,Ostbelgien,4188729.756578008
2021-06-26,110.7159491236325,Varia,4188840.472527132
2021-06-26,9701.55127627758,Wallonia,4198542.023803409
2021-06-27,2968.5449033765203,Brussels,4201510.568706785
2021-06-27,15924.620329233694,Flanders,4217435.189036019
2021-06-27,719.9413977425862,Ostbelgien,4218155.1304337615
2021-06-27,102.29533282111464,Varia,4218257.425766583
2021-06-27,7718.10249572061,Wallonia,4225975.528262303
2021-06-28,3852.222393758966,Brussels,4229827.750656062
2021-06-28,18662.44896754026,Flanders,4248490.199623602
2021-06-28,702.0416495605289,Ostbelgien,4249192.241273163
2021-06-28,110.30341387320448,Varia,4249302.544687036
2021-06-28,11232.89261374473,Wallonia,4260535.437300781
2021-06-29,4012.1217716012543,Brussels,4264547.559072382
2021-06-29,21236.61544151706,Flanders,4285784.174513899
2021-06-29,759.5239363902165,Ostbelgien,4286543.698450289
2021-06-29,113.52980457097543,Varia,4286657.228254859
2021-06-29,12007.911460928699,Wallonia,4298665.139715788
2021-06-30,4183.667943918594,Brussels,4302848.807659706
2021-06-30,22238.353464155647,Flanders,4325087.161123862
2021-06-30,769.5437607220325,Ostbelgien,4325856.704884583
2021-06-30,112.00453885761141,Varia,4325968.7094234405
2021-06-30,11851.45016296728,Wallonia,4337820.159586408
2021-07-01,4230.573759559108,Brussels,4342050.733345968
2021-07-01,30854.106593956778,Flanders,4372904.839939925
2021-07-01,970.123425738451,Ostbelgien,4373874.963365664
2021-07-01,79.06302717355476,Varia,4373954.026392837
2021-07-01,7750.481013999544,Wallonia,4381704.507406836
2021-07-02,4053.0705339905808,Brussels,4385757.577940827
2021-07-02,28114.294680987285,Flanders,4413871.872621815
2021-07-02,996.2770624145455,Ostbelgien,4414868.149684229
2021-07-02,197.5266952879051,Varia,4415065.676379517
2021-07-02,8363.765654335906,Wallonia,4423429.442033852
2021-07-03,3373.322032442983,Brussels,4426802.764066296
2021-07-03,22641.031373906757,Flanders,4449443.795440203
2021-07-03,989.8266260091805,Ostbelgien,4450433.622066212
2021-07-03,23.567739513606746,Varia,4450457.189805726
2021-07-03,5461.968159211582,Wallonia,4455919.157964937
2021-07-04,3071.155751835241,Brussels,4458990.313716773
2021-07-04,21336.724551383202,Flanders,4480327.038268156
2021-07-04,958.7995223603197,Ostbelgien,4481285.837790516
2021-07-04,15.14712321085862,Varia,4481300.984913727
2021-07-04,3478.5193786455075,Wallonia,4484779.504292373
2021-07-05,3954.8332422177764,Brussels,4488734.337534591
2021-07-05,24074.553189693,Flanders,4512808.890724284
2021-07-05,940.8997741783213,Ostbelgien,4513749.790498462
2021-07-05,23.155204262888955,Varia,4513772.945702724
2021-07-05,6993.309496670583,Wallonia,4520766.255199395
2021-07-06,4114.732620060003,Brussels,4524880.987819456
2021-07-06,26648.719663670563,Flanders,4551529.707483126
2021-07-06,998.382061008025,Ostbelgien,4552528.089544134
2021-07-06,26.381594960711578,Varia,4552554.471139095
2021-07-06,7768.32834385336,Wallonia,4560322.799482948
2021-07-07,4286.27879237732,Brussels,4564609.078275326
2021-07-07,27650.457686310605,Flanders,4592259.535961636
2021-07-07,1008.4018853397971,Ostbelgien,4593267.937846976
2021-07-07,24.85632924727381,Varia,4593292.794176224
2021-07-07,7611.867045891742,Wallonia,4600904.661222115
2021-07-08,4417.1608393838105,Brussels,4605321.822061499
2021-07-08,31013.71935183422,Flanders,4636335.541413333
2021-07-08,1008.123695815649,Ostbelgien,4637343.665109149
2021-07-08,78.46566965851761,Varia,4637422.130778808
2021-07-08,8385.570867020957,Wallonia,4645807.701645829
2021-07-09,4239.657613814918,Brussels,4650047.359259644
2021-07-09,28273.907438857743,Flanders,4678321.266698501
2021-07-09,1034.2773324917366,Ostbelgien,4679355.544030993
2021-07-09,196.9293377727578,Varia,4679552.473368766
2021-07-09,8998.855507355642,Wallonia,4688551.328876121
2021-07-10,3559.9091122673717,Brussels,4692111.237988388
2021-07-10,22800.644131775545,Flanders,4714911.882120164
2021-07-10,1027.8268960863297,Ostbelgien,4715939.70901625
2021-07-10,22.970381998512764,Varia,4715962.679398249
2021-07-10,6097.058012230333,Wallonia,4722059.737410479
2021-07-11,3257.742831660031,Brussels,4725317.48024214
2021-07-11,21496.33730925856,Flanders,4746813.817551399
2021-07-11,996.7997924374887,Ostbelgien,4747810.617343836
2021-07-11,14.549765695908022,Varia,4747825.167109532
2021-07-11,4113.609231666342,Wallonia,4751938.776341199
2021-07-12,4141.420322042657,Brussels,4756080.196663242
2021-07-12,24234.16594757159,Flanders,4780314.362610813
2021-07-12,978.900044255549,Ostbelgien,4781293.262655069
2021-07-12,22.55784674787884,Varia,4781315.820501817
2021-07-12,7628.399349692371,Wallonia,4788944.21985151
2021-07-13,4301.3196998847025,Brussels,4793245.539551394
2021-07-13,26808.332421549414,Flanders,4820053.871972944
2021-07-13,1036.3823310852472,Ostbelgien,4821090.254304029
2021-07-13,25.78423744551815,Varia,4821116.038541474
2021-07-13,8403.418196873401,Wallonia,4829519.456738348
2021-07-14,4472.865872201067,Brussels,4833992.32261055
2021-07-14,27810.07044417748,Flanders,4861802.393054727
2021-07-14,1046.4021554170488,Ostbelgien,4862848.7952101445
2021-07-14,24.25897173210816,Varia,4862873.054181877
2021-07-14,8246.956898910837,Wallonia,4871120.0110807875
2021-07-15,4603.747919207924,Brussels,4875723.758999996
2021-07-15,31173.332109711868,Flanders,4906897.091109708
2021-07-15,1046.1239658928625,Ostbelgien,4907943.215075601
2021-07-15,77.86831214309798,Varia,4908021.083387744
2021-07-15,9020.660720035266,Wallonia,4917041.744107779
2021-07-16,4426.24469363905,Brussels,4921467.988801418
2021-07-16,28433.520196738238,Flanders,4949901.5089981565
2021-07-16,1072.2776025689884,Ostbelgien,4950973.786600726
2021-07-16,196.3319802576461,Varia,4951170.118580983
2021-07-16,9633.945360374326,Wallonia,4960804.063941358
2021-07-17,3746.49619209145,Brussels,4964550.560133449
2021-07-17,22960.256889653916,Flanders,4987510.817023103
2021-07-17,1065.8271661635208,Ostbelgien,4988576.6441892665
2021-07-17,22.373024483245295,Varia,4988599.01721375
2021-07-17,6732.147865247537,Wallonia,4995331.165078998
2021-07-18,3444.329911484466,Brussels,4998775.494990482
2021-07-18,21655.95006714115,Flanders,5020431.445057623
2021-07-18,1034.800062514672,Ostbelgien,5021466.245120138
2021-07-18,13.952408180609133,Varia,5021480.1975283185
2021-07-18,4748.699084685446,Wallonia,5026228.896613004
2021-07-19,4328.007401866167,Brussels,5030556.90401487
2021-07-19,24393.778705442975,Flanders,5054950.682720313
2021-07-19,1016.9003143326454,Ostbelgien,5055967.583034646
2021-07-19,21.96048923265208,Varia,5055989.543523879
2021-07-19,8263.489202705923,Wallonia,5064253.032726585
2021-07-20,4487.90677970952,Brussels,5068740.939506294
2021-07-20,26967.94517942876,Flanders,5095708.884685723
2021-07-20,1074.3826011624906,Ostbelgien,5096783.2672868855
2021-07-20,25.18687993055971,Varia,5096808.454166817
2021-07-20,9038.508049893997,Wallonia,5105846.962216711
2021-07-21,4659.452952025862,Brussels,5110506.415168736
2021-07-21,27969.683202058273,Flanders,5138476.098370794
2021-07-21,1084.4024254942485,Ostbelgien,5139560.500796288
2021-07-21,23.661614217075943,Varia,5139584.162410505
2021-07-21,8882.046751931233,Wallonia,5148466.209162436
2021-07-22,4790.334999032596,Brussels,5153256.544161469
2021-07-22,31332.94486759355,Flanders,5184589.489029062
2021-07-22,1084.124235970094,Ostbelgien,5185673.613265032
2021-07-22,77.27095462817968,Varia,5185750.88421966
2021-07-22,9655.750573056503,Wallonia,5195406.634792717
2021-07-23,4612.831773463387,Brussels,5200019.466566181
2021-07-23,28593.132954608693,Flanders,5228612.599520789
2021-07-23,1110.27787264618,Ostbelgien,5229722.877393436
2021-07-23,195.7346227424987,Varia,5229918.612016178
2021-07-23,10269.035213394063,Wallonia,5240187.647229572
2021-07-24,3933.0832719156833,Brussels,5244120.730501488
2021-07-24,23119.8696475275,Flanders,5267240.600149015
2021-07-24,1103.827436240691,Ostbelgien,5268344.427585255
2021-07-24,21.77566696806455,Varia,5268366.203252223
2021-07-24,7367.237718265516,Wallonia,5275733.440970489
2021-07-25,3630.9169913089313,Brussels,5279364.357961798
2021-07-25,21815.562825013876,Flanders,5301179.920786812
2021-07-25,1072.8003325919933,Ostbelgien,5302252.721119404
2021-07-25,13.355050665570285,Varia,5302266.076170069
2021-07-25,5383.788937705995,Wallonia,5307649.865107775
2021-07-26,4514.594481690883,Brussels,5312164.4595894655
2021-07-26,24553.39146332329,Flanders,5336717.851052789
2021-07-26,1054.9005844098654,Ostbelgien,5337772.751637199
2021-07-26,21.363131717414923,Varia,5337794.114768917
2021-07-26,8898.579055726927,Wallonia,5346692.693824643
2021-07-27,4674.493859534101,Brussels,5351367.187684177
2021-07-27,27127.557937307105,Flanders,5378494.745621485
2021-07-27,1112.3828712396917,Ostbelgien,5379607.128492724
2021-07-27,24.589522415131306,Varia,5379631.718015139
2021-07-27,9673.59790291349,Wallonia,5389305.315918053
2021-07-28,4846.040031850607,Brussels,5394151.355949903
2021-07-28,28129.295959936444,Flanders,5422280.651909839
2021-07-28,1122.4026955714176,Ostbelgien,5423403.05460541
2021-07-28,23.064256701847384,Varia,5423426.118862112
2021-07-28,9517.136604951425,Wallonia,5432943.255467064
2021-07-29,4976.9220788573275,Brussels,5437920.177545921
2021-07-29,31492.557625466743,Flanders,5469412.735171388
2021-07-29,1122.124506047258,Ostbelgien,5470534.859677435
2021-07-29,76.67359711302365,Varia,5470611.533274548
2021-07-29,10290.840426078092,Wallonia,5480902.373700626
2021-07-30,4799.418853289471,Brussels,5485701.792553916
2021-07-30,28752.745712502554,Flanders,5514454.5382664185
2021-07-30,1148.2781427233328,Ostbelgien,5515602.816409142
2021-07-30,195.13726522754803,Varia,5515797.9536743695
2021-07-30,10904.125066417593,Wallonia,5526702.078740787
2021-07-31,4119.670351739916,Brussels,5530821.749092527
2021-07-31,23279.482405401082,Flanders,5554101.231497928
2021-07-31,1141.8277063178612,Ostbelgien,5555243.059204245
2021-07-31,21.17830945288382,Varia,5555264.237513698
2021-07-31,8002.327571283493,Wallonia,5563266.565084981
2021-08-01,3184.7074272166838,Brussels,5566451.2725121975
2021-08-01,21773.320738020153,Flanders,5588224.593250218
2021-08-01,1025.5390181025957,Ostbelgien,5589250.132268321
2021-08-01,60.77405120668149,Varia,5589310.906319528
2021-08-01,4550.1231675499075,Wallonia,5593861.029487078
2021-08-02,4068.384917599067,Brussels,5597929.414404677
2021-08-02,24511.14937632745,Flanders,5622440.563781004
2021-08-02,1007.6392699205269,Ostbelgien,5623448.203050924
2021-08-02,68.78213225886782,Varia,5623516.985183183
2021-08-02,8064.913285573446,Wallonia,5631581.898468756
2021-08-03,4228.284295442059,Brussels,5635810.182764199
2021-08-03,27085.31585031376,Flanders,5662895.498614512
2021-08-03,1065.1215567503612,Ostbelgien,5663960.620171263
2021-08-03,72.00852295640883,Varia,5664032.6286942195
2021-08-03,8839.93213275803,Wallonia,5672872.560826978
2021-08-04,4399.830467758595,Brussels,5677272.391294736
2021-08-04,28087.05387294719,Flanders,5705359.445167684
2021-08-04,1075.1413810820736,Ostbelgien,5706434.586548766
2021-08-04,70.48325724324751,Varia,5706505.0698060095
2021-08-04,8683.470834795977,Wallonia,5715188.540640806
2021-08-05,4530.71251476514,Brussels,5719719.253155571
2021-08-05,31450.315538475734,Flanders,5751169.568694047
2021-08-05,1074.8631915579153,Ostbelgien,5752244.431885605
2021-08-05,124.09259765434129,Varia,5752368.524483259
2021-08-05,9457.17465592327,Wallonia,5761825.699139182
2021-08-06,4353.209289196847,Brussels,5766178.908428379
2021-08-06,28710.503625505335,Flanders,5794889.412053885
2021-08-06,1101.0168282339803,Ostbelgien,5795990.428882119
2021-08-06,242.55626576865438,Varia,5796232.985147888
2021-08-06,10070.45929626075,Wallonia,5806303.444444149
2021-08-07,3673.46078764729,Brussels,5809976.905231796
2021-08-07,23237.240318401968,Flanders,5833214.145550198
2021-08-07,1094.5663918284572,Ostbelgien,5834308.711942026
2021-08-07,68.59730999393905,Varia,5834377.30925202
2021-08-07,7168.661801125417,Wallonia,5841545.971053146
2021-08-08,3371.2945070414735,Brussels,5844917.265560187
2021-08-08,21932.933495895508,Flanders,5866850.199056083
2021-08-08,1063.5392881797645,Ostbelgien,5867913.738344263
2021-08-08,60.17669369173087,Varia,5867973.915037955
2021-08-08,5185.213020570741,Wallonia,5873159.128058526
2021-08-09,4254.971997423783,Brussels,5877414.10005595
2021-08-09,24670.762134207762,Flanders,5902084.862190157
2021-08-09,1045.6395399977473,Ostbelgien,5903130.501730155
2021-08-09,68.18477474363067,Varia,5903198.686504899
2021-08-09,8700.003138594448,Wallonia,5911898.689643493
2021-08-10,4414.871375266029,Brussels,5916313.561018759
2021-08-10,27244.928608185503,Flanders,5943558.489626945
2021-08-10,1103.121826827446,Ostbelgien,5944661.6114537725
2021-08-10,71.41116544142909,Varia,5944733.022619214
2021-08-10,9475.021985777772,Wallonia,5954208.044604992
2021-08-11,4586.41754758334,Brussels,5958794.462152575
2021-08-11,28246.666630825348,Flanders,5987041.1287834
2021-08-11,1113.1416511592429,Ostbelgien,5988154.270434559
2021-08-11,69.88589972801896,Varia,5988224.1563342875
2021-08-11,9318.560687816167,Wallonia,5997542.717022103
2021-08-12,4717.299594589843,Brussels,6002260.016616693
2021-08-12,31609.928296353173,Flanders,6033869.9449130455
2021-08-12,1112.8634616351133,Ostbelgien,6034982.808374681
2021-08-12,123.49524013930416,Varia,6035106.303614819
2021-08-12,10092.264508944683,Wallonia,6045198.568123764
2021-08-13,4539.796369021082,Brussels,6049738.364492785
2021-08-13,28870.116383380802,Flanders,6078608.480876166
2021-08-13,1139.0170983112018,Ostbelgien,6079747.497974478
2021-08-13,241.9589082535249,Varia,6079989.456882731
2021-08-13,10705.549149279957,Wallonia,6090695.0060320115
2021-08-14,3860.0478674713686,Brussels,6094555.053899483
2021-08-14,23396.853076280342,Flanders,6117951.906975763
2021-08-14,1132.5666619056483,Ostbelgien,6119084.473637668
2021-08-14,67.99995247867156,Varia,6119152.473590147
2021-08-14,7803.751654142625,Wallonia,6126956.225244289
2021-08-15,3557.8815868655847,Brussels,6130514.106831155
2021-08-15,22092.546253775472,Flanders,6152606.65308493
2021-08-15,1101.5395582571002,Ostbelgien,6153708.192643187
2021-08-15,59.57933617634373,Varia,6153767.771979364
2021-08-15,5820.3028735895605,Wallonia,6159588.074852953
2021-08-16,4441.5590772484975,Brussels,6164029.633930202
2021-08-16,24830.374892088075,Flanders,6188860.008822289
2021-08-16,1083.6398100749668,Ostbelgien,6189943.648632364
2021-08-16,67.5874172283935,Varia,6190011.2360495925
2021-08-16,9335.092991615451,Wallonia,6199346.329041208
2021-08-17,4601.458455090728,Brussels,6203947.787496299
2021-08-17,27404.541366064353,Flanders,6231352.328862363
2021-08-17,1141.122096904668,Ostbelgien,6232493.450959267
2021-08-17,70.81380792623565,Varia,6232564.264767193
2021-08-17,10110.111838797813,Wallonia,6242674.376605991
2021-08-18,4773.004627407087,Brussels,6247447.381233399
2021-08-18,28406.279388692223,Flanders,6275853.660622091
2021-08-18,1151.1419212364945,Ostbelgien,6277004.802543327
2021-08-18,69.28854221285329,Varia,6277074.09108554
2021-08-18,9953.650540835262,Wallonia,6287027.741626375
2021-08-19,4903.886674414545,Brussels,6291931.62830079
2021-08-19,31769.54105423061,Flanders,6323701.16935502
2021-08-19,1150.8637317123107,Ostbelgien,6324852.033086732
2021-08-19,122.89788262426698,Varia,6324974.930969357
2021-08-19,10727.354361966094,Wallonia,6335702.285331323
2021-08-20,4726.3834488454195,Brussels,6340428.6687801685
2021-08-20,29029.72914125127,Flanders,6369458.39792142
2021-08-20,1177.017368388393,Ostbelgien,6370635.415289808
2021-08-20,241.36155073837745,Varia,6370876.776840546
2021-08-20,11340.639002299695,Wallonia,6382217.415842846
2021-08-21,4046.6349472979373,Brussels,6386264.050790144
2021-08-21,23556.465834165647,Flanders,6409820.51662431
2021-08-21,1170.5669319829478,Ostbelgien,6410991.083556293
2021-08-21,67.40259496412473,Varia,6411058.486151257
2021-08-21,8438.841507174104,Wallonia,6419497.327658431
2021-08-22,3744.4686666903744,Brussels,6423241.796325121
2021-08-22,22252.159011650823,Flanders,6445493.955336772
2021-08-22,1139.5398283342693,Ostbelgien,6446633.495165106
2021-08-22,58.98197866139313,Varia,6446692.477143767
2021-08-22,6455.392726610392,Wallonia,6453147.869870378
2021-08-23,4628.146157073543,Brussels,6457776.0160274515
2021-08-23,24989.987649964936,Flanders,6482766.003677417
2021-08-23,1121.6400801522027,Ostbelgien,6483887.643757569
2021-08-23,66.99005971361045,Varia,6483954.6338172825
2021-08-23,9970.182844638028,Wallonia,6493924.81666192
2021-08-24,4788.045534915428,Brussels,6498712.862196836
2021-08-24,27564.1541239432,Flanders,6526277.016320779
2021-08-24,1179.1223669818905,Ostbelgien,6527456.138687761
2021-08-24,70.21645041104223,Varia,6527526.355138171
2021-08-24,10745.20169181786,Wallonia,6538271.556829989
2021-08-25,4959.591707231833,Brussels,6543231.14853722
2021-08-25,28565.89214657039,Flanders,6571797.040683791
2021-08-25,1189.142191313664,Ostbelgien,6572986.182875104
2021-08-25,68.69118469762472,Varia,6573054.874059802
2021-08-25,10588.740393855453,Wallonia,6583643.6144536575
2021-08-26,5090.473754238687,Brussels,6588734.088207896
2021-08-26,31929.15381210401,Flanders,6620663.24202
2021-08-26,1188.8640017894904,Ostbelgien,6621852.106021789
2021-08-26,122.3005251087285,Varia,6621974.406546897
2021-08-26,11362.44421498058,Wallonia,6633336.850761877
2021-08-27,4912.970528669755,Brussels,6638249.821290547
2021-08-27,29189.34189912173,Flanders,6667439.163189669
2021-08-27,1215.0176384655838,Ostbelgien,6668654.1808281345
2021-08-27,240.76419322323014,Varia,6668894.945021357
2021-08-27,11975.728855319428,Wallonia,6680870.673876677
2021-08-28,4233.222027122016,Brussels,6685103.895903799
2021-08-28,23716.078592044025,Flanders,6708819.974495843
2021-08-28,1208.5672020601387,Ostbelgien,6710028.541697904
2021-08-28,66.80523744885726,Varia,6710095.346935352
2021-08-28,9073.931360191313,Wallonia,6719169.278295544
2021-08-29,3931.055746514987,Brussels,6723100.334042059
2021-08-29,22411.771769529798,Flanders,6745512.105811589
2021-08-29,1177.5400984114451,Ostbelgien,6746689.64591
2021-08-29,58.38462114626838,Varia,6746748.030531147
2021-08-29,7090.482579630362,Wallonia,6753838.513110777
2021-08-30,4814.733236898257,Brussels,6758653.246347676
2021-08-30,25149.600407845246,Flanders,6783802.846755521
2021-08-30,1159.6403502294224,Ostbelgien,6784962.4871057505
2021-08-30,66.3927021983733,Varia,6785028.879807949
2021-08-30,10605.272697659027,Wallonia,6795634.152505608
2021-08-31,4974.632614740246,Brussels,6800608.785120348
2021-08-31,27723.76688182255,Flanders,6828332.552002171
2021-08-31,1217.122637059134,Ostbelgien,6829549.674639231
2021-08-31,69.61909289608379,Varia,6829619.293732126
2021-08-31,11380.291544838452,Wallonia,6840999.585276965
2021-09-01,4513.382143139818,Brussels,6845512.967420105
2021-09-01,28523.65005958113,Flanders,6874036.617479686
2021-09-01,1141.8808768243198,Ostbelgien,6875178.49835651
2021-09-01,116.11018523902484,Varia,6875294.608541749
2021-09-01,9755.074623700002,Wallonia,6885049.68316545
2021-09-02,4644.264190146501,Brussels,6889693.947355596
2021-09-02,31886.911725112997,Flanders,6921580.8590807095
2021-09-02,1141.6026873001479,Ostbelgien,6922722.46176801
2021-09-02,169.7195256500461,Varia,6922892.18129366
2021-09-02,10528.778444825759,Wallonia,6933420.9597384855
2021-09-03,4466.760964577028,Brussels,6937887.720703063
2021-09-03,29147.09981212952,Flanders,6967034.820515192
2021-09-03,1167.7563239762617,Ostbelgien,6968202.576839169
2021-09-03,288.1831937643543,Varia,6968490.760032933
2021-09-03,11142.063085162055,Wallonia,6979632.823118095
2021-09-04,3787.012463029389,Brussels,6983419.835581125
2021-09-04,23673.836505044907,Flanders,7007093.67208617
2021-09-04,1161.3058875707347,Ostbelgien,7008254.977973741
2021-09-04,114.22423798991248,Varia,7008369.20221173
2021-09-04,8240.265590033232,Wallonia,7016609.467801764
2021-09-05,3484.8461824227393,Brussels,7020094.313984186
2021-09-05,22369.52968253607,Flanders,7042463.843666722
2021-09-05,1130.2787839220473,Ostbelgien,7043594.122450644
2021-09-05,105.80362168737958,Varia,7043699.926072331
2021-09-05,6256.816809474276,Wallonia,7049956.742881806
2021-09-06,4368.523672804909,Brussels,7054325.266554611
2021-09-06,25107.35832084394,Flanders,7079432.624875455
2021-09-06,1112.379035739945,Ostbelgien,7080545.003911195
2021-09-06,113.81170273938247,Varia,7080658.815613935
2021-09-06,9771.606927496525,Wallonia,7090430.422541431
2021-09-07,4528.423050647966,Brussels,7094958.845592079
2021-09-07,27681.524794828194,Flanders,7122640.370386907
2021-09-07,1169.8613225697611,Ostbelgien,7123810.231709477
2021-09-07,117.03809343689134,Varia,7123927.269802913
2021-09-07,10546.62577468189,Wallonia,7134473.895577595
2021-09-08,4699.969222964564,Brussels,7139173.864800559
2021-09-08,28683.262817459294,Flanders,7167857.127618019
2021-09-08,1179.8811469014888,Ostbelgien,7169037.00876492
2021-09-08,115.51282772379628,Varia,7169152.521592644
2021-09-08,10390.164476720192,Wallonia,7179542.686069365
2021-09-09,4830.851269971233,Brussels,7184373.537339336
2021-09-09,32046.52448298619,Flanders,7216420.061822322
2021-09-09,1179.6029573773121,Ostbelgien,7217599.664779699
2021-09-09,169.1221681348901,Varia,7217768.786947834
2021-09-09,11163.86829784735,Wallonia,7228932.655245681
2021-09-10,4653.348044401366,Brussels,7233586.003290082
2021-09-10,29306.71256999999,Flanders,7262892.715860083
2021-09-10,1205.756594053453,Ostbelgien,7264098.472454136
2021-09-10,287.58583624920703,Varia,7264386.058290386
2021-09-10,11777.15293818179,Wallonia,7276163.211228567
2021-09-11,3973.599542855648,Brussels,7280136.810771422
2021-09-11,23833.4492629398,Flanders,7303970.260034362
2021-09-11,1199.306157648076,Ostbelgien,7305169.5661920095
2021-09-11,113.62688047519214,Varia,7305283.193072485
2021-09-11,8875.355443063172,Wallonia,7314158.548515548
2021-09-12,3671.433262247351,Brussels,7317829.981777796
2021-09-12,22529.142440415046,Flanders,7340359.124218211
2021-09-12,1168.2790539992234,Ostbelgien,7341527.40327221
2021-09-12,105.20626417225483,Varia,7341632.609536382
2021-09-12,6891.906662494248,Wallonia,7348524.516198876
2021-09-13,4555.110752629625,Brussels,7353079.626951506
2021-09-13,25266.97107872425,Flanders,7378346.598030231
2021-09-13,1150.379305817165,Ostbelgien,7379496.977336048
2021-09-13,113.21434522414533,Varia,7379610.191681272
2021-09-13,10406.696780517526,Wallonia,7390016.88846179
2021-09-14,4715.010130472056,Brussels,7394731.8985922625
2021-09-14,27841.137552700442,Flanders,7422573.0361449625
2021-09-14,1207.8615926468674,Ostbelgien,7423780.897737609
2021-09-14,116.4407359221466,Varia,7423897.338473531
2021-09-14,11181.71562770218,Wallonia,7435079.054101233
2021-09-15,4886.556302789359,Brussels,7439965.610404023
2021-09-15,28842.87557534009,Flanders,7468808.485979363
2021-09-15,1217.8814169786883,Ostbelgien,7470026.367396342
2021-09-15,114.91547020876408,Varia,7470141.282866551
2021-09-15,11025.25432974059,Wallonia,7481166.537196292
2021-09-16,5017.438349795905,Brussels,7486183.975546087
2021-09-16,32206.137240867873,Flanders,7518390.112786955
2021-09-16,1217.6032274545432,Ostbelgien,7519607.716014409
2021-09-16,168.52481061997182,Varia,7519776.240825029
2021-09-16,11798.958150868584,Wallonia,7531575.198975897
2021-09-17,4839.93512422745,Brussels,7536415.134100125
2021-09-17,29466.325327893843,Flanders,7565881.459428019
2021-09-17,1243.756864130606,Ostbelgien,7567125.216292149
2021-09-17,286.98847873425626,Varia,7567412.204770884
2021-09-17,12412.242791205323,Wallonia,7579824.447562089
2021-09-18,4160.186622680037,Brussels,7583984.634184769
2021-09-18,23993.062020808593,Flanders,7607977.696205578
2021-09-18,1237.306427725225,Ostbelgien,7609215.002633303
2021-09-18,113.02952296009815,Varia,7609328.0321562635
2021-09-18,9510.44529608192,Wallonia,7618838.477452345
2021-09-19,3858.0203420721414,Brussels,7622696.497794418
2021-09-19,22688.755198290404,Flanders,7645385.252992708
2021-09-19,1206.2793240763922,Ostbelgien,7646591.532316784
2021-09-19,104.60890665730422,Varia,7646696.141223442
2021-09-19,7526.996515515079,Wallonia,7654223.137738957
2021-09-20,4741.697832454669,Brussels,7658964.835571412
2021-09-20,25426.583836601112,Flanders,7684391.419408013
2021-09-20,1188.3795758944004,Ostbelgien,7685579.798983907
2021-09-20,112.61698770936226,Varia,7685692.415971616
2021-09-20,11041.786633540103,Wallonia,7696734.202605156
2021-09-21,4901.5972102968735,Brussels,7701635.799815453
2021-09-21,28000.750310579795,Flanders,7729636.550126033
2021-09-21,1245.8618627241108,Ostbelgien,7730882.411988757
2021-09-21,115.84337840718813,Varia,7730998.255367164
2021-09-21,11816.805480722776,Wallonia,7742815.060847886
2021-09-22,5073.143382613107,Brussels,7747888.204230499
2021-09-22,29002.48833320697,Flanders,7776890.692563706
2021-09-22,1255.8816870559403,Ostbelgien,7778146.574250762
2021-09-22,114.31811269359842,Varia,7778260.892363456
2021-09-22,11660.344182759687,Wallonia,7789921.236546216
2021-09-23,5204.025429620607,Brussels,7795125.261975836
2021-09-23,32365.74999874532,Flanders,7827491.0119745815
2021-09-23,1255.6034975317414,Ostbelgien,7828746.615472114
2021-09-23,167.92745310493464,Varia,7828914.542925219
2021-09-23,12434.048003889995,Wallonia,7841348.590929109
2021-09-24,5026.522204051685,Brussels,7846375.11313316
2021-09-24,29625.938085769318,Flanders,7876001.05121893
2021-09-24,1281.7571342078274,Ostbelgien,7877282.808353137
2021-09-24,286.3911212191267,Varia,7877569.199474356
2021-09-24,13047.332644224534,Wallonia,7890616.53211858
2021-09-25,4346.773702504113,Brussels,7894963.305821084
2021-09-25,24152.674778686964,Flanders,7919115.980599771
2021-09-25,1275.3066978024162,Ostbelgien,7920391.287297574
2021-09-25,112.43216544483067,Varia,7920503.719463019
2021-09-25,10145.535149099129,Wallonia,7930649.254612118
2021-09-26,4044.607421896576,Brussels,7934693.862034014
2021-09-26,22848.367956172995,Flanders,7957542.229990187
2021-09-26,1244.2795941535758,Ostbelgien,7958786.50958434
2021-09-26,104.01154914200532,Varia,7958890.521133482
2021-09-26,8162.086368534185,Wallonia,7967052.607502016
2021-09-27,4928.284912279384,Brussels,7971980.892414296
2021-09-27,25586.196594481426,Flanders,7997567.089008777
2021-09-27,1226.3798459716209,Ostbelgien,7998793.468854749
2021-09-27,112.01963019412513,Varia,7998905.488484942
2021-09-27,11676.876486561107,Wallonia,8010582.364971504
2021-09-28,5088.184290121572,Brussels,8015670.549261625
2021-09-28,28160.363068458642,Flanders,8043830.912330084
2021-09-28,1283.862132801333,Ostbelgien,8045114.774462885
2021-09-28,115.24602089199473,Varia,8045230.020483777
2021-09-28,12451.895333742821,Wallonia,8057681.91581752
2021-09-29,5259.730462437903,Brussels,8062941.646279957
2021-09-29,29162.101091087774,Flanders,8092103.747371045
2021-09-29,1293.88195713314,Ostbelgien,8093397.629328178
2021-09-29,113.72075517856624,Varia,8093511.350083357
2021-09-29,12295.434035780083,Wallonia,8105806.784119137
2021-09-30,5390.61250944528,Brussels,8111197.396628582
2021-09-30,32525.362756627,Flanders,8143722.759385209
2021-09-30,1293.603767608973,Ostbelgien,8145016.363152818
2021-09-30,167.33009559001638,Varia,8145183.693248408
2021-09-30,13069.13785691123,Wallonia,8158252.831105319
2021-10-01,5134.880632509982,Brussels,8163387.711737829
2021-10-01,35097.443312481264,Flanders,8198485.15505031
2021-10-01,1523.7217271249203,Ostbelgien,8200008.876777436
2021-10-01,197.7801555092394,Varia,8200206.656932944
2021-10-01,8769.691642564758,Wallonia,8208976.348575509
2021-10-02,4455.132130962254,Brussels,8213431.480706471
2021-10-02,29624.180005401802,Flanders,8243055.660711872
2021-10-02,1517.2712907194787,Ostbelgien,8244572.932002592
2021-10-02,23.821199734805425,Varia,8244596.753202327
2021-10-02,5867.894147437349,Wallonia,8250464.647349764
2021-10-03,4152.965850355105,Brussels,8254617.613200119
2021-10-03,28319.873182882184,Flanders,8282937.486383001
2021-10-03,1486.2441870707687,Ostbelgien,8284423.730570072
2021-10-03,15.40058343220872,Varia,8284439.131153504
2021-10-03,3884.4453668757446,Wallonia,8288323.576520381
2021-10-04,5036.6433407383265,Brussels,8293360.219861119
2021-10-04,31057.70182119647,Flanders,8324417.921682316
2021-10-04,1468.3444388887197,Ostbelgien,8325886.266121205
2021-10-04,23.40866448435725,Varia,8325909.674785689
2021-10-04,7399.235484903906,Wallonia,8333308.910270593
2021-10-05,5196.542718580335,Brussels,8338505.452989173
2021-10-05,33631.86829517395,Flanders,8372137.321284347
2021-10-05,1525.8267257184266,Ostbelgien,8373663.148010066
2021-10-05,26.63505518204354,Varia,8373689.783065248
2021-10-05,8174.254332083876,Wallonia,8381864.0373973325
2021-10-06,5368.088890896712,Brussels,8387232.12628823
2021-10-06,34633.6063178024,Flanders,8421865.732606033
2021-10-06,1535.8465500501804,Ostbelgien,8423401.579156082
2021-10-06,25.109789468579898,Varia,8423426.68894555
2021-10-06,8017.793034121285,Wallonia,8431444.481979672
2021-10-07,5498.970937904074,Brussels,8436943.452917576
2021-10-07,37996.867983336655,Flanders,8474940.320900913
2021-10-07,1535.568360526008,Ostbelgien,8476475.88926144
2021-10-07,78.71912988010257,Varia,8476554.60839132
2021-10-07,8791.49685525383,Wallonia,8485346.105246574
2021-10-08,5321.467712336169,Brussels,8490667.572958909
2021-10-08,35257.056070370105,Flanders,8525924.62902928
2021-10-08,1561.7219972020432,Ostbelgien,8527486.351026481
2021-10-08,197.18279799427089,Varia,8527683.533824475
2021-10-08,9404.781495588813,Wallonia,8537088.315320063
2021-10-09,4641.719210786643,Brussels,8541730.03453085
2021-10-09,29783.79276327059,Flanders,8571513.82729412
2021-10-09,1555.2715607966281,Ostbelgien,8573069.098854918
2021-10-09,23.223842219711457,Varia,8573092.322697138
2021-10-09,6502.984000456096,Wallonia,8579595.306697594
2021-10-10,4339.552930179717,Brussels,8583934.859627774
2021-10-10,28479.48594076116,Flanders,8612414.345568536
2021-10-10,1524.2444571479448,Ostbelgien,8613938.590025684
2021-10-10,14.803225917083957,Varia,8613953.393251602
2021-10-10,4519.535219895714,Wallonia,8618472.928471498
2021-10-11,5223.230420561838,Brussels,8623696.15889206
2021-10-11,31217.31457906786,Flanders,8654913.473471127
2021-10-11,1506.3447089658162,Ostbelgien,8656419.818180094
2021-10-11,22.81130696913047,Varia,8656442.629487062
2021-10-11,8034.3253379174585,Wallonia,8664476.954824978
2021-10-12,5383.129798405034,Brussels,8669860.084623383
2021-10-12,33791.4810530528,Flanders,8703651.565676436
2021-10-12,1563.826995795649,Ostbelgien,8705215.392672231
2021-10-12,26.037697666850118,Varia,8705241.430369899
2021-10-12,8809.34418510392,Wallonia,8714050.774555003
2021-10-13,5554.675970721557,Brussels,8719605.450525725
2021-10-13,34793.21907568583,Flanders,8754398.66960141
2021-10-13,1573.8468201274109,Ostbelgien,8755972.516421538
2021-10-13,24.51243195374406,Varia,8755997.028853491
2021-10-13,8652.882887141894,Wallonia,8764649.911740633
2021-10-14,5685.558017728188,Brussels,8770335.469758362
2021-10-14,38156.4807412143,Flanders,8808491.950499576
2021-10-14,1573.5686306032217,Ostbelgien,8810065.51913018
2021-10-14,78.12177236468295,Varia,8810143.640902543
2021-10-14,9426.58670826814,Wallonia,8819570.227610812
2021-10-15,5508.054792160301,Brussels,8825078.282402972
2021-10-15,35416.66882825059,Flanders,8860494.951231223
2021-10-15,1599.722267279295,Ostbelgien,8862094.673498502
2021-10-15,196.58544047915913,Varia,8862291.258938981
2021-10-15,10039.8713486075,Wallonia,8872331.13028759
2021-10-16,4828.306290610722,Brussels,8877159.436578201
2021-10-16,29943.405521148965,Flanders,8907102.84209935
2021-10-16,1593.271830873819,Ostbelgien,8908696.113930224
2021-10-16,22.626484704443975,Varia,8908718.740414929
2021-10-16,7138.073853473303,Wallonia,8915856.814268403
2021-10-17,4526.140010004507,Brussels,8920382.954278408
2021-10-17,28639.09869863651,Flanders,8949022.052977044
2021-10-17,1562.2447272251134,Ostbelgien,8950584.29770427
2021-10-17,14.205868402133346,Varia,8950598.503572673
2021-10-17,5154.625072916547,Wallonia,8955753.12864559
2021-10-18,5409.817500386718,Brussels,8961162.946145976
2021-10-18,31376.927336946443,Flanders,8992539.873482922
2021-10-18,1544.344979043044,Ostbelgien,8994084.218461964
2021-10-18,22.213949454120367,Varia,8994106.43241142
2021-10-18,8669.415190939246,Wallonia,9002775.847602358
2021-10-19,5569.716878229123,Brussels,9008345.564480588
2021-10-19,33951.09381092505,Flanders,9042296.658291513
2021-10-19,1601.8272658727553,Ostbelgien,9043898.485557387
2021-10-19,25.44034015210535,Varia,9043923.925897539
2021-10-19,9444.434038124211,Wallonia,9053368.359935664
2021-10-20,5741.263050546302,Brussels,9059109.62298621
2021-10-20,34952.831833564,Flanders,9094062.454819774
2021-10-20,1611.8470902045797,Ostbelgien,9095674.30190998
2021-10-20,23.915074438515504,Varia,9095698.216984417
2021-10-20,9287.972740162082,Wallonia,9104986.18972458
2021-10-21,5872.14509755289,Brussels,9110858.334822133
2021-10-21,38316.09349909174,Flanders,9149174.428321226
2021-10-21,1611.5689006804196,Ostbelgien,9150785.997221906
2021-10-21,77.52441484964578,Varia,9150863.521636756
2021-10-21,10061.676561289552,Wallonia,9160925.198198047
2021-10-22,5694.641871984639,Brussels,9166619.840070032
2021-10-22,35576.281586121055,Flanders,9202196.121656153
2021-10-22,1637.7225373564863,Ostbelgien,9203833.84419351
2021-10-22,195.98808296401177,Varia,9204029.832276475
2021-10-22,10674.961201627233,Wallonia,9214704.793478101
2021-10-23,5014.893370434955,Brussels,9219719.686848536
2021-10-23,30103.018279022548,Flanders,9249822.70512756
2021-10-23,1631.2721009509892,Ostbelgien,9251453.977228511
2021-10-23,22.02912718926324,Varia,9251476.006355701
2021-10-23,7773.163706491282,Wallonia,9259249.170062192
2021-10-24,4712.727089828942,Brussels,9263961.897152022
2021-10-24,28798.7114565191,Flanders,9292760.60860854
2021-10-24,1600.244997302297,Ostbelgien,9294360.853605842
2021-10-24,13.608510886834448,Varia,9294374.46211673
2021-10-24,5789.714925935653,Wallonia,9300164.177042665
2021-10-25,5596.404580211434,Brussels,9305760.581622876
2021-10-25,31536.540094826756,Flanders,9337297.121717703
2021-10-25,1582.3452491202643,Ostbelgien,9338879.466966823
2021-10-25,21.616591938883218,Varia,9338901.083558762
2021-10-25,9304.50504396025,Wallonia,9348205.588602724
2021-10-26,5756.303958053702,Brussels,9353961.892560778
2021-10-26,34110.70656880339,Flanders,9388072.599129582
2021-10-26,1639.8275359499564,Ostbelgien,9389712.426665531
2021-10-26,24.842982636676957,Varia,9389737.269648168
2021-10-26,10079.523891143705,Wallonia,9399816.793539312
2021-10-27,5927.850130371047,Brussels,9405744.643669683
2021-10-27,35112.44459144217,Flanders,9440857.088261126
2021-10-27,1649.847360281749,Ostbelgien,9442506.935621407
2021-10-27,23.317716923286934,Varia,9442530.25333833
2021-10-27,9923.062593182272,Wallonia,9452453.315931512
2021-10-28,6058.732177377591,Brussels,9458512.048108889
2021-10-28,38475.70625696918,Flanders,9496987.754365858
2021-10-28,1649.5691707576173,Ostbelgien,9498637.323536616
2021-10-28,76.92705733460863,Varia,9498714.250593951
2021-10-28,10696.766414310965,Wallonia,9509411.017008262
2021-10-29,5881.228951808873,Brussels,9515292.24596007
2021-10-29,35735.89434399653,Flanders,9551028.140304066
2021-10-29,1675.7228074337077,Ostbelgien,9552703.8631115
2021-10-29,195.39072544888225,Varia,9552899.253836948
2021-10-29,11310.051054646441,Wallonia,9564209.304891596
2021-10-30,5201.480450261369,Brussels,9569410.785341857
2021-10-30,30262.631036912648,Flanders,9599673.41637877
2021-10-30,1669.2723710283094,Ostbelgien,9601342.688749798
2021-10-30,21.43176967462965,Varia,9601364.120519472
2021-10-30,8408.253559521989,Wallonia,9609772.374078995
2021-10-31,4899.314169653731,Brussels,9614671.68824865
2021-10-31,28958.32421439446,Flanders,9643630.012463044
2021-10-31,1638.2452673794658,Ostbelgien,9645268.257730424
2021-10-31,13.011153371883843,Varia,9645281.268883796
2021-10-31,6424.804778956486,Wallonia,9651706.073662752
2021-11-01,5150.195016119618,Brussels,9656856.268678872
2021-11-01,31494.298007830927,Flanders,9688350.566686703
2021-11-01,1535.0839346309256,Ostbelgien,9689885.650621334
2021-11-01,69.0355924803361,Varia,9689954.686213814
2021-11-01,8470.839273806767,Wallonia,9698425.52548762
2021-11-02,5310.094393961661,Brussels,9703735.619881582
2021-11-02,34068.46448181004,Flanders,9737804.084363392
2021-11-02,1592.5662214606255,Ostbelgien,9739396.650584852
2021-11-02,72.26198317795446,Varia,9739468.91256803
2021-11-02,9245.858120988245,Wallonia,9748714.77068902
2021-11-03,5481.640566278984,Brussels,9754196.411255298
2021-11-03,35070.202504450266,Flanders,9789266.613759749
2021-11-03,1602.5860457923745,Ostbelgien,9790869.199805541
2021-11-03,70.73671746449067,Varia,9790939.936523005
2021-11-03,9089.396823026616,Wallonia,9800029.333346032
2021-11-04,5612.522613284875,Brussels,9805641.855959317
2021-11-04,38433.464169969884,Flanders,9844075.320129286
2021-11-04,1602.307856268223,Ostbelgien,9845677.627985554
2021-11-04,124.34605787530607,Varia,9845801.974043429
2021-11-04,9863.100644149396,Wallonia,9855665.074687578
2021-11-05,5435.019387716351,Brussels,9861100.094075294
2021-11-05,35693.65225699429,Flanders,9896793.746332288
2021-11-05,1628.4614929443248,Ostbelgien,9898422.207825232
2021-11-05,242.80972598997087,Varia,9898665.017551223
2021-11-05,10476.385284490123,Wallonia,9909141.402835714
2021-11-06,4755.270886168742,Brussels,9913896.673721882
2021-11-06,30220.388949913533,Flanders,9944117.062671795
2021-11-06,1622.0110565389054,Ostbelgien,9945739.073728334
2021-11-06,68.85077021568489,Varia,9945807.92449855
2021-11-06,7574.587789363913,Wallonia,9953382.512287915
2021-11-07,4453.104605561662,Brussels,9957835.616893476
2021-11-07,28916.082127397116,Flanders,9986751.699020874
2021-11-07,1590.9839528900604,Ostbelgien,9988342.682973763
2021-11-07,60.43015391316919,Varia,9988403.113127677
2021-11-07,5591.139008801263,Wallonia,9993994.252136478
2021-11-08,5336.7820959443325,Brussels,9999331.034232423
2021-11-08,31653.910765711233,Flanders,10030984.944998134
2021-11-08,1573.0842047081458,Ostbelgien,10032558.029202841
2021-11-08,68.43823496509896,Varia,10032626.467437806
2021-11-08,9105.92912682777,Wallonia,10041732.396564633
2021-11-09,5496.681473786361,Brussels,10047229.078038419
2021-11-09,34228.07723968889,Flanders,10081457.155278107
2021-11-09,1630.566491537848,Ostbelgien,10083087.721769646
2021-11-09,71.66462566276105,Varia,10083159.38639531
2021-11-09,9880.947974008288,Wallonia,10093040.334369317
2021-11-10,5668.22764610273,Brussels,10098708.56201542
2021-11-10,35229.81526231714,Flanders,10133938.377277737
2021-11-10,1640.5863158696266,Ostbelgien,10135578.963593608
2021-11-10,70.13935994932504,Varia,10135649.102953557
2021-11-10,9724.48667604571,Wallonia,10145373.589629604
2021-11-11,5799.109693109548,Brussels,10151172.699322714
2021-11-11,38593.076927851565,Flanders,10189765.776250565
2021-11-11,1640.3081263454546,Ostbelgien,10191406.08437691
2021-11-11,123.74870036038777,Varia,10191529.83307727
2021-11-11,10498.190497170632,Wallonia,10202028.023574442
2021-11-12,5621.606467540483,Brussels,10207649.630041983
2021-11-12,35853.26501487478,Flanders,10243502.895056859
2021-11-12,1666.4617630215766,Ostbelgien,10245169.356819881
2021-11-12,242.21236847485903,Varia,10245411.569188356
2021-11-12,11111.475137508809,Wallonia,10256523.044325866
2021-11-13,4941.85796599282,Brussels,10261464.902291859
2021-11-13,30380.001707791907,Flanders,10291844.90399965
2021-11-13,1660.0113266160968,Ostbelgien,10293504.915326267
2021-11-13,68.2534127004174,Varia,10293573.168738969
2021-11-13,8209.67764238112,Wallonia,10301782.84638135
2021-11-14,4639.691685385773,Brussels,10306422.538066735
2021-11-14,29075.694885277077,Flanders,10335498.232952012
2021-11-14,1628.9842229673968,Ostbelgien,10337127.217174979
2021-11-14,59.83279639778207,Varia,10337187.049971377
2021-11-14,6226.228861820084,Wallonia,10343413.278833197
2021-11-15,5523.369175767844,Brussels,10348936.648008965
2021-11-15,31813.523523582622,Flanders,10380750.171532547
2021-11-15,1611.084474785242,Ostbelgien,10382361.256007332
2021-11-15,67.8408774498722,Varia,10382429.096884781
2021-11-15,9741.018979841323,Wallonia,10392170.115864623
2021-11-16,5683.26855361106,Brussels,10397853.384418234
2021-11-16,34387.68999756774,Flanders,10432241.074415801
2021-11-16,1668.5667616150704,Ostbelgien,10433909.641177416
2021-11-16,71.06726814756763,Varia,10433980.708445564
2021-11-16,10516.03782702833,Wallonia,10444496.746272592
2021-11-17,5854.8147259275265,Brussels,10450351.56099852
2021-11-17,35389.42802019794,Flanders,10485740.989018718
2021-11-17,1678.5865859468263,Ostbelgien,10487419.575604664
2021-11-17,69.54200243429285,Varia,10487489.117607098
2021-11-17,10359.576529066107,Wallonia,10497848.694136165
2021-11-18,5985.69677293428,Brussels,10503834.3909091
2021-11-18,38752.68968572476,Flanders,10542587.080594825
2021-11-18,1678.3083964226187,Ostbelgien,10544265.388991248
2021-11-18,123.1513428452318,Varia,10544388.540334092
2021-11-18,11133.280350192219,Wallonia,10555521.820684284
2021-11-19,5808.19354736482,Brussels,10561330.014231648
2021-11-19,36012.87777274524,Flanders,10597342.892004393
2021-11-19,1704.4620330987677,Ostbelgien,10599047.354037492
2021-11-19,241.61501095971175,Varia,10599288.969048452
2021-11-19,11746.564990528543,Wallonia,10611035.53403898
2021-11-20,5128.445045817054,Brussels,10616163.979084797
2021-11-20,30539.614465665487,Flanders,10646703.593550462
2021-11-20,1698.0115966932667,Ostbelgien,10648401.605147155
2021-11-20,67.65605518523665,Varia,10648469.261202341
2021-11-20,8844.767495399097,Wallonia,10657314.02869774
2021-11-21,4826.278765210562,Brussels,10662140.307462951
2021-11-21,29235.30764315243,Flanders,10691375.615106104
2021-11-21,1666.9844930445654,Ostbelgien,10693042.59959915
2021-11-21,59.235438882831446,Varia,10693101.835038032
2021-11-21,6861.318714840917,Wallonia,10699963.153752873
2021-11-22,5709.95625559256,Brussels,10705673.110008465
2021-11-22,31973.136281462936,Flanders,10737646.246289928
2021-11-22,1649.0847448624618,Ostbelgien,10739295.33103479
2021-11-22,67.24351993463503,Varia,10739362.574554725
2021-11-22,10376.108832862328,Wallonia,10749738.683387587
2021-11-23,5869.85563343576,Brussels,10755608.539021023
2021-11-23,34547.30275544659,Flanders,10790155.84177647
2021-11-23,1706.5670316922924,Ostbelgien,10791862.408808162
2021-11-23,70.4699106323742,Varia,10791932.878718795
2021-11-23,11151.12768004838,Wallonia,10803084.006398844
2021-11-24,6041.401805752272,Brussels,10809125.408204596
2021-11-24,35549.0407780761,Flanders,10844674.448982673
2021-11-24,1716.586856023995,Ostbelgien,10846391.035838697
2021-11-24,68.94464491906426,Varia,10846459.980483616
2021-11-24,10994.6663820863,Wallonia,10857454.646865701
2021-11-25,6172.283852758952,Brussels,10863626.930718461
2021-11-25,38912.302443606444,Flanders,10902539.233162068
2021-11-25,1716.30866649985,Ostbelgien,10904255.541828567
2021-11-25,122.55398533031347,Varia,10904378.095813898
2021-11-25,11768.370203213453,Wallonia,10916146.466017112
2021-11-26,5994.780627190904,Brussels,10922141.246644303
2021-11-26,36172.49053063911,Flanders,10958313.737174943
2021-11-26,1742.462303175921,Ostbelgien,10960056.19947812
2021-11-26,241.01765344476104,Varia,10960297.217131564
2021-11-26,12381.654843552074,Wallonia,10972678.871975116
2021-11-27,5315.032125641286,Brussels,10977993.904100757
2021-11-27,30699.22722353907,Flanders,11008693.131324297
2021-11-27,1736.011866770437,Ostbelgien,11010429.143191068
2021-11-27,67.05869767005595,Varia,11010496.201888738
2021-11-27,9479.857348417074,Wallonia,11019976.059237156
2021-11-28,5012.865845035174,Brussels,11024988.925082192
2021-11-28,29394.920401031406,Flanders,11054383.845483223
2021-11-28,1704.9847631217415,Ostbelgien,11056088.830246344
2021-11-28,58.638081367706704,Varia,11056147.468327712
2021-11-28,7496.408567860887,Wallonia,11063643.876895573
2021-11-29,5896.543335417604,Brussels,11069540.42023099
2021-11-29,32132.749039339797,Flanders,11101673.16927033
2021-11-29,1687.0850149396977,Ostbelgien,11103360.254285268
2021-11-29,66.64616241985198,Varia,11103426.900447689
2021-11-29,11011.1986858849,Wallonia,11114438.099133573
2021-11-30,6056.442713260578,Brussels,11120494.541846834
2021-11-30,34706.91551332594,Flanders,11155201.45736016
2021-11-30,1744.567301769536,Ostbelgien,11156946.024661928
2021-11-30,69.87255311741576,Varia,11157015.897215046
2021-11-30,11786.21753306897,Wallonia,11168802.114748115
2021-12-01,5620.982874197974,Brussels,11174423.097622313
2021-12-01,35555.653585049644,Flanders,11209978.751207363
2021-12-01,1672.7563654049286,Ostbelgien,11211651.507572768
2021-12-01,114.90724035895335,Varia,11211766.414813127
2021-12-01,10218.350762067352,Wallonia,11221984.765575195
2021-12-02,5751.864921205528,Brussels,11227736.6304964
2021-12-02,38918.91525059216,Flanders,11266655.545746991
2021-12-02,1672.4781758807324,Ostbelgien,11268328.023922872
2021-12-02,168.51658077025357,Varia,11268496.540503642
2021-12-02,10992.05458319644,Wallonia,11279488.595086837
2021-12-03,5574.361695637042,Brussels,11285062.956782475
2021-12-03,36179.10333761861,Flanders,11321242.060120095
2021-12-03,1698.6318125567934,Ostbelgien,11322940.691932652
2021-12-03,286.98024888448987,Varia,11323227.672181537
2021-12-03,11605.339223533034,Wallonia,11334833.011405071
2021-12-04,4894.613194087424,Brussels,11339727.624599159
2021-12-04,30705.84003051668,Flanders,11370433.464629676
2021-12-04,1692.181376151258,Ostbelgien,11372125.646005828
2021-12-04,113.02129310973358,Varia,11372238.667298937
2021-12-04,8703.541728396805,Wallonia,11380942.209027333
2021-12-05,4592.44691348169,Brussels,11385534.655940816
2021-12-05,29401.5332080144,Flanders,11414936.18914883
2021-12-05,1661.1542725025686,Ostbelgien,11416597.343421333
2021-12-05,104.6006768074403,Varia,11416701.94409814
2021-12-05,6720.092947842605,Wallonia,11423422.037045982
2021-12-06,5476.1244038642235,Brussels,11428898.161449846
2021-12-06,32139.36184632413,Flanders,11461037.52329617
2021-12-06,1643.2545243205686,Ostbelgien,11462680.77782049
2021-12-06,112.6087578594732,Varia,11462793.38657835
2021-12-06,10234.883065867652,Wallonia,11473028.269644218
2021-12-07,5636.023781706333,Brussels,11478664.293425923
2021-12-07,34713.52832030119,Flanders,11513377.821746225
2021-12-07,1700.7368111502506,Ostbelgien,11515078.558557374
2021-12-07,115.83514855705944,Varia,11515194.39370593
2021-12-07,11009.90191304991,Wallonia,11526204.295618981
2021-12-08,5807.56995402272,Brussels,11532011.865573004
2021-12-08,35715.2663429278,Flanders,11567727.131915933
2021-12-08,1710.7566354820972,Ostbelgien,11569437.888551414
2021-12-08,114.3098828437248,Varia,11569552.198434258
2021-12-08,10853.44061508754,Wallonia,11580405.639049346
2021-12-09,5938.452001030231,Brussels,11586344.091050375
2021-12-09,39078.5280084696,Flanders,11625422.619058846
2021-12-09,1710.4784459579298,Ostbelgien,11627133.097504804
2021-12-09,167.91922325521634,Varia,11627301.016728058
2021-12-09,11627.144436217852,Wallonia,11638928.161164276
2021-12-10,5760.948775461277,Brussels,11644689.109939737
2021-12-10,36338.71609549408,Flanders,11681027.826035231
2021-12-10,1736.6320826340145,Ostbelgien,11682764.458117865
2021-12-10,286.3828913693604,Varia,11683050.841009235
2021-12-10,12240.429076552242,Wallonia,11695291.270085787
2021-12-11,5081.200273913682,Brussels,11700372.470359702
2021-12-11,30865.45278841157,Flanders,11731237.923148112
2021-12-11,1730.181646228599,Ostbelgien,11732968.10479434
2021-12-11,112.42393559501325,Varia,11733080.528729936
2021-12-11,9338.631581426742,Wallonia,11742419.160311364
2021-12-12,4779.033993305979,Brussels,11747198.19430467
2021-12-12,29561.14596589074,Flanders,11776759.34027056
2021-12-12,1699.1545425798972,Ostbelgien,11778458.49481314
2021-12-12,104.00331929222733,Varia,11778562.498132432
2021-12-12,7355.182800862288,Wallonia,11785917.680933295
2021-12-13,5662.711483688938,Brussels,11791580.392416984
2021-12-13,32298.974604204443,Flanders,11823879.367021188
2021-12-13,1681.2547943977886,Ostbelgien,11825560.621815586
2021-12-13,112.01140034423605,Varia,11825672.63321593
2021-12-13,10869.972918888656,Wallonia,11836542.606134819
2021-12-14,5822.6108615311505,Brussels,11842365.21699635
2021-12-14,34873.141078180546,Flanders,11877238.35807453
2021-12-14,1738.7370812274942,Ostbelgien,11878977.095155757
2021-12-14,115.23779104210098,Varia,11879092.3329468
2021-12-14,11644.991766070505,Wallonia,11890737.32471287
2021-12-15,5807.892027695729,Brussels,11896545.216740567
2021-12-15,35469.12504927171,Flanders,11932014.34178984
2021-12-15,1736.2412915214502,Ostbelgien,11933750.58308136
2021-12-15,133.43584810766376,Varia,11933884.018929468
2021-12-15,10889.45493758208,Wallonia,11944773.473867051
2021-12-16,5849.696145480117,Brussels,11950623.170012532
2021-12-16,37286.465929959886,Flanders,11987909.63594249
2021-12-16,1727.4751066520319,Ostbelgien,11989637.111049144
2021-12-16,187.2466823006067,Varia,11989824.357731445
2021-12-16,11703.113930645724,Wallonia,12001527.471662091
2021-12-17,5497.935655323936,Brussels,12007025.407317415
2021-12-17,31539.566298328304,Flanders,12038564.973615743
2021-12-17,1763.0347747486908,Ostbelgien,12040328.008390492
2021-12-17,254.44700548222448,Varia,12040582.455395974
2021-12-17,11650.08797245995,Wallonia,12052232.543368435
2021-12-18,5002.757876265848,Brussels,12057235.3012447
2021-12-18,28834.812604180726,Flanders,12086070.113848882
2021-12-18,1731.4311471232659,Ostbelgien,12087801.544996005
2021-12-18,-31.22922005515536,Varia,12087770.31577595
2021-12-18,8275.935975671093,Wallonia,12096046.25175162
2021-12-19,5360.95649144177,Brussels,12101407.208243063
2021-12-19,33114.09469291536,Flanders,12134521.302935978
2021-12-19,1706.9322187521113,Ostbelgien,12136228.235154731
2021-12-19,125.43430245992688,Varia,12136353.669457192
2021-12-19,8662.132338906229,Wallonia,12145015.801796097
2021-12-20,6471.251304548379,Brussels,12151487.053100646
2021-12-20,37076.15363870298,Flanders,12188563.20673935
2021-12-20,1717.9245078404163,Ostbelgien,12190281.131247189
2021-12-20,140.94965926899295,Varia,12190422.080906458
2021-12-20,13879.569691318902,Wallonia,12204301.650597777
2021-12-21,5893.659449955576,Brussels,12210195.310047733
2021-12-21,36904.65874641118,Flanders,12247099.968794145
2021-12-21,1797.4140854143825,Ostbelgien,12248897.382879559
2021-12-21,138.32467763790467,Varia,12249035.707557198
2021-12-21,11728.957077253432,Wallonia,12260764.664634451
2021-12-22,5879.70482474957,Brussels,12266644.3694592
2021-12-22,35549.712660343714,Flanders,12302194.082119545
2021-12-22,1742.8788337929802,Ostbelgien,12303936.960953338
2021-12-22,134.91342620540314,Varia,12304071.874379544
2021-12-22,11053.358929226779,Wallonia,12315125.23330877
2021-12-23,5921.252619858164,Brussels,12321046.485928629
2021-12-23,37363.179146602386,Flanders,12358409.665075231
2021-12-23,1734.0926610932029,Ostbelgien,12360143.757736325
2021-12-23,188.72799391288046,Varia,12360332.485730238
2021-12-23,11866.756016641515,Wallonia,12372199.24174688
2021-12-24,5569.137685473499,Brussels,12377768.379432354
2021-12-24,31616.03356411819,Flanders,12409384.412996473
2021-12-24,1769.6308484676968,Ostbelgien,12411154.04384494
2021-12-24,255.91978544964897,Varia,12411409.96363039
2021-12-24,11813.896804217287,Wallonia,12423223.860434607
2021-12-25,5073.57503463464,Brussels,12428297.435469242
2021-12-25,28909.927540516284,Flanders,12457207.363009758
2021-12-25,1738.0058034220617,Ostbelgien,12458945.36881318
2021-12-25,-29.750392119005163,Varia,12458915.618421061
2021-12-25,8438.69384157745,Wallonia,12467354.312262638
2021-12-26,5431.53387573663,Brussels,12472785.846138375
2021-12-26,33188.69167312102,Flanders,12505974.537811495
2021-12-26,1713.4944803855542,Ostbelgien,12507688.032291882
2021-12-26,126.91014312741773,Varia,12507814.94243501
2021-12-26,8826.260301476555,Wallonia,12516641.202736486
2021-12-27,6541.280580683662,Brussels,12523182.48331717
2021-12-27,37146.05344322407,Flanders,12560328.536760394
2021-12-27,1724.460682768598,Ostbelgien,12562052.997443162
2021-12-27,142.4277132041355,Varia,12562195.425156366
2021-12-27,14043.426262550885,Wallonia,12576238.851418916
2021-12-28,5963.431157205913,Brussels,12582202.282576121
2021-12-28,36975.84071464565,Flanders,12619178.123290768
2021-12-28,1803.9172521050548,Ostbelgien,12620982.040542873
2021-12-28,139.80026794833702,Varia,12621121.84081082
2021-12-28,11892.219616745482,Wallonia,12633014.060427565
2021-12-29,5949.005604058786,Brussels,12638963.066031624
2021-12-29,35617.689912150454,Flanders,12674580.755943773
2021-12-29,1749.352977795551,Ostbelgien,12676330.108921569
2021-12-29,136.38371732347636,Varia,12676466.492638892
2021-12-29,11216.437027656391,Wallonia,12687682.929666547
2021-12-30,5990.358133570713,Brussels,12693673.287800118
2021-12-30,37430.440036434185,Flanders,12731103.727836553
2021-12-30,1740.5537914293573,Ostbelgien,12732844.281627983
2021-12-30,190.19771833956978,Varia,12733034.479346322
2021-12-30,12029.543708478863,Wallonia,12745064.0230548
2021-12-31,5638.052339016129,Brussels,12750702.075393816
2021-12-31,31681.30121142722,Flanders,12782383.376605244
2021-12-31,1776.0614372623072,Ostbelgien,12784159.438042507
2021-12-31,257.3992013072736,Varia,12784416.837243814
2021-12-31,11976.342874131258,Wallonia,12796393.180117946
2022-01-01,4936.921158400171,Brussels,12801330.101276346
2022-01-01,28459.200696405635,Flanders,12829789.30197275
2022-01-01,1716.4860047769635,Ostbelgien,12831505.787977528
2022-01-01,-41.768032219999185,Varia,12831464.019945309
2022-01-01,8047.044320057971,Wallonia,12839511.064265367
2022-01-02,5294.554824874434,Brussels,12844805.61909024
2022-01-02,32736.9625711654,Flanders,12877542.581661405
2022-01-02,1691.9354659761905,Ostbelgien,12879234.517127382
2022-01-02,114.89968561076958,Varia,12879349.416812992
2022-01-02,8433.70296748793,Wallonia,12887783.119780479
